restaurant_id,restaurant_name,report_comment
100001000000 ,もんじゃ近どう 本店,"再訪です。月島エリアの人気店で今日も行列ができてました。
こういうジャンクでウマいマズイのって分からないけど、ここのもんじゃは無性に食いたくなります。
ふたりでもんじゃ二つ、イカ焼き、カルビ焼き、塩焼きそば完食。"
100001000000 ,もんじゃ近どう 本店,"行列ができる店。
もちチーズ明太子、がオススメ(^O^)／
ダシが効いたちょうど良い味です。"
100001000000 ,もんじゃ近どう 本店,"月島のもんじゃって言ったら、ここにしか行かないっすよね。

明太もちチーズもんじゃ？？だったっけか　笑
珍しくお好み焼も頼んだ＋焼きそば＋もんじゃ
明らかに食いすぎだね・・・・・・。"
100001000000 ,もんじゃ近どう 本店,"評価が高かったので初訪問
メイン通りから一本 中通りに入ったところにありますが、かなり混んでますね?
東京に来るまではあまり食べなかったもんじゃも、今では良く食べるメニューの1つに^ ^
ビールとあって、うまかったですよ?"
100001000000 ,もんじゃ近どう 本店,"20131025

１０年以上月島に勤務していた女性に推薦されたお店。所謂もんじゃストリートとは違う通りにあるので振りで行ったらまず行き着かないであろうというロケーションにもかかわらず、いつも満席。予約も取りづらいそうだ。
結局、以前から月島もんじゃはよく行っていたが、前々回にこのお店を紹介されてからはここに固定。他のお店をトライしてみる必要もないくらい一押しのお店。

メニューはいろいろあるが、個人的にお奨めは「昔ながらのなつかしもんじゃ」。はがしの上にもんじゃを乗せなくても、もんじゃの方からはがしにこびりついてくる。こんなにブームになる前の文字通り昔のもんじゃ。味も昔の味。これが私のお奨め。

会計時に記念のはがしをいただける。"
100001000000 ,もんじゃ近どう 本店,"2人で3000円のセットがとてもお得です。
ドリンク一杯、お好み焼き一品、ハーフもんじゃ二品。さらにデザートつき。
どちらもお好みで具材が選択できます。
とっても美味しかった、美味しすぎて写真を忘れたほどです。
絶対また行きます！"
100001000000 ,もんじゃ近どう 本店,日曜の夜だったせいか、並ばずに入れました。レトロな雰囲気で味もGOOD。明太もちチーズもんじゃ美味しかったです(^.^)
100001000000 ,もんじゃ近どう 本店,"月島初日に行ってきました！
月島ブランドってゆうのの一員らしく、
少しサービスしてくれます☆"
100001000000 ,もんじゃ近どう 本店,"にぎやかなお店で色んな種類のもんじゃ焼きを食べれます。
肉系も魚介系も美味しかったです！
周りを見てみるとカップルで来てたり、女子会してたり、男だけで盛り上がってたりで、いろんな使い方ができそうですね。"
100001000000 ,もんじゃ近どう 本店,"少しずついろんな店に入って見てます。明太もちチーズの明太はさほど大きくない。ので、どうかな？と思っていたのだけど…味が違う！
もんじゃはいつも塩気が強い感じが気になっててそういうもんだと思ってたけど、ここのもんじゃは塩辛くない。
似たり寄ったりの月島もんじゃ屋。ただその一点に関してだけど、この店の特徴だと思った。またいこ。
【2014.02】"
100001000000 ,もんじゃ近どう 本店,近くに2号店もあるので比較的入りやすい。それでも6時前を推奨。間違いなく美味しい。オリジナルメニューがイイです。
100001000000 ,もんじゃ近どう 本店,"もんじゃももちろん美味しいけど、お好み焼きがふわっふわなんです。
またみんなで来ようね?って思えるお店です。"
100001000000 ,もんじゃ近どう 本店,"ヾ(`･ω･´)ﾉ【もんじゃ 近どう 本店】

悪夢のインフルエンザから復帰したら、、
「今日、歓迎会だけど行ける?」
(???)わすれてた…

『昨日、病院行ってシャバに出ても良いと言われたからオッケーです(?????)? ??』

で?場所は？何時から?(*´･д･)?

部内の人々に聞き歩き、判明したのが月島でもんじゃ(｡+･`д･｡)

(??? ? ???) 予約30人???
全員じゃないけど賑やかに和気あいあいでスタート☆

飲み放題でキムチ・枝豆・塩キャベツが先ずはテーブルにドーン！

海鮮焼き→ネギタン塩→ウィンナー
→1人ひとつのもんじゃ→餡子&杏子巻き?

・明太子とチーズと餅のもんじゃ
・ベビースター入りカレーもんじゃ
・キムチと餅のもんじゃ
・牛肉入りもんじゃ

(^-^;;) 食べるより焼くのが大変だった。でも?全部違う味のもんじゃを美味しく堪能し、大いに笑いました??

餡子&杏子巻きは黒蜜を付け、以外にもさっぱりデザートで美味?

(☆+_,+)ﾌﾌｰﾝ やっぱり、もんじゃは大人数が良いですね！

本調子ではない為、食べる量はフルじゃなかったけど満足度はフル以上でした?

#もんじゃ
#大人数で
#バカ話しが出来る仲間と…"
100001000000 ,もんじゃ近どう 本店,"電話したら予約でいっぱいと言われてしまいましたが、行列覚悟で並んだら予想外に早く入れました??
もんじゃもお好み焼きもおいしかったです。
また、月島に来たら通います。"
100001000000 ,もんじゃ近どう 本店,"八王子から高速飛ばして1時間半。

月島へ行ってきやしたっ！

創業昭和25年、月島最古の元祖もんじゃ焼き店 近どうさん＼(^o^)／

昔ながらの味を頑固に守り続けているそうです。

もちチーズ明太子もんじゃ 1450円
豚キムチチーズもんじゃ 1400円
生イカもんじゃハーフ 500円
もちもんじゃハーフ 450円

もんじゃばっか食べ過ぎ！笑

いつも行く風月なら、お好み焼きや鉄板焼きも頼むけど。

こちらはダシが最高に美味しい!!!!!

焦げ目のところも、あまり味が濃くならないの♪

めっちゃタイプ?

これは、もんじゃばっかり頼んじゃう。

具材がもともと細かく刻んであるので、初心者でも上手く焼けますよ♪

鳥取から来たおばあちゃんと叔母ちゃんが、美味しそうに食べてくれてたのが嬉しかったです＼(^o^)／

大満足！"
100001000000 ,もんじゃ近どう 本店,"お店の人も笑顔で作ってくれるし、美味しいし、さいこー?
おすすめは今限定？のとんこつもんじゃ！
食べた物
?ささみ梅もんじゃ
?ねぎ納豆玉天
(TP.キムチ)
?とんこつもんじ
(TP.おろしにんにく、紅生姜)"
100001000000 ,もんじゃ近どう 本店,"米粉フェアーをやっていて、米粉のもんじゃを注文。

どれも美味しかった?"
100001000000 ,もんじゃ近どう 本店,"ふくろうカフェまでの待ち時間にぶらぶらしていたら並んでいるお店が！
開店のタイミングだったのでそのまま入れました！おいしかった?"
100001000000 ,もんじゃ近どう 本店,明太餅チーズ 素敵です。美味です。そして安いです。予約して来店した方が正解かも。
100001000000 ,もんじゃ近どう 本店,"ヾ(`･ω･´)ﾉ【もんじゃ近どう】本店

イベントで「もんじゃ食べようよ！新年会だよ??鉄板焼きもあるよ?」とRettyの食いしん坊・呑み好き?と来店しました(*･∀-)b

今は〝もんじゃストリート‘’と約20件以上のお店で賑わってますが、月島出身の悪友によると…昔からのもんじゃ屋さんは３件うち１件は閉店…

近どうは昔からの老舗になります。
３号店まで有り、大人数でも対応可能な上にリーズナブル(??????)?

島コースの２時間飲み放題で、
1人3980円??

※お料理内容
■茶豆
■キムチ
■塩だれキャベツ
■牛タンねぎ塩
■海鮮三種盛り合わせ
■ウィンナー盛り合わせ
■90種類のもんじゃ、お好み焼、焼そばの中から
　☆お好きなものを人数分選択
■デザート　ミックス巻き
（あんず・あんこ）

お願いすれば、もんじゃもお好み焼きも美味しく焼くサポートしてくれます?

人数分のもんじゃやお好み焼き…
今回は11種類のもんじゃとお好み焼き…(^◇^;)満腹感ハンパない！

久々にお会いする方、初めてお会いする方、楽しく和気あいあいの良い夜になりました☆??

店入り口にはファブリーズが用意されてますが…ソースのニオイぷんぷんで電車に乗り込みましたw

また伺います(￣m￣*) ごちそうさまでした！"
100001000000 ,もんじゃ近どう 本店,"豊洲月島会のもんじゃで新年会！
戸田さんらが企画してくれたので参加してきました。

こちらはもんじゃの老舗らしく店内は色紙だらけ！ワクワクします。

3980円のコースは飲み放題付き！メインのもんじゃとお好み焼きにたどり着く前に、前菜や鉄板焼きで腹七分(^_^;)その後もんじゃ3つ、お好み焼き1つとあんこ巻き…ぐへーー。美味しいから全部食べたけどかなりのボリュームです。
ゼロはしないで来ることをおすすめしまーす♪

初めてお会いした方が多くて嬉しかったです*\(^o^)/*みなさまありがとうございました。"
100001000000 ,もんじゃ近どう 本店,"まさかのもんじゃハシゴです！

大好きな「近どう」さんで、明太もちチーズもんじゃとカレーもんじゃをいただきました。
もんじゃ2軒目なので、どちらもハーフサイズです 笑

お出汁が千切りキャベツに絡んで、絶妙なバランスです！
濃すぎず、さっぱりもしすぎず…
お腹いっぱいの状態でも、ペロッと美味しくいただきました。

最後の締めは、あんこ焼きで。"
100001000000 ,もんじゃ近どう 本店,"ランチに、友人と訪問しました。
お好み焼きが美味しかったです。
明太もんじゃも美味しかったです。また行きたいお店でした！"
100001000000 ,もんじゃ近どう 本店,"もんじゃを食べに行こう！とお誘いいただき、待ちに待った日がやってきました(o^^o)

明太チーズもんじゃは私の大好きなメニューの一つ*\(^o^)/*
うまい！のは間違いなし。
店内は満席状態で沢山の芸能人のサイン色紙が飾ってあります。
エリンギバター、枝豆、もんじゃをツマミにビールは最高♪( ´▽｀)
こんどうスペシャルもんじゃ、カレーチーズもんじゃも美味しかった?！ご馳走さまでした（^人^）"
100001000000 ,もんじゃ近どう 本店,"もんじゃ激戦区のムーンアイランドで、一番古くからあるお店へ行ってまいりました。
ソラッちです。
?
店内には著名人のサインがたくさん貼ってありますよ。

昔はお好み焼きにしか興味がなかった僕も、今ではもんじゃの良さが分かる立派なオトナになりました。

メニューがとても多くて迷ってしまうけれど、手始めに『もちチーズ明太子もんじゃ』はゼッタイ頼みますよね。

それとここでは『特製！近どうもんじゃ』もテッパンです。
これが具沢山で美味しいんですよねー。

今度行ったら豚にんにくもんじゃっつーのも喰べてみたいな。
ネーミング的に絶対ウマいはずです。

追伸
ところで、なんで『近藤』じゃなくて『近どう』なんですかね？
月島って、島かと思いきや実は島じゃないんですね。"
100001000000 ,もんじゃ近どう 本店,"晴海埠頭の野外音楽イベントの後にもんじゃ食べようってことになりこちらへ。
もんじゃ激戦区の月島で一番古くから営業しているお店らしいです。

日曜日の20時過ぎでも混んでたけどすんなり入れた。
奥の席には同じ野外イベント帰りの人がいて「お?！」と挨拶。みんな〆に来る場所が同じね（笑）

もちチーズ明太子もんじゃとお好み焼きは桜海老のなんとか…(忘れたw)

店員さんから作り方大丈夫ですか？と聞かれ、微妙です。と言ったら、素晴らしい手捌きでもんじゃを作ってくれた。
動画撮っておきたかったくらいだったけど惚れ惚れと見入ってしまい、気付くと出来上がっていた。
なので、お好み焼きも店員さんに焼いてもらっちゃいました。
失敗なく美味しく食べれるし（笑）

月島に行ったらまた食べに行きたい、安定の美味しさのお店です！"
100001000000 ,もんじゃ近どう 本店,元祖月島もんじゃ焼き店（＾Ｏ＾）大好きな明太もちチーズもんじゃと、エリンギ焼き、げそ焼きもんじゃ、豚肉もんじゃ、、おいしくてパクパク食べちゃいました
100001000000 ,もんじゃ近どう 本店,"明太もんじゃ。
感動レベルに美味しかったです。
オープン前に行ったのですがなかなか店へは入れてもらえませんでした。
どうも予約の人が優先のようでその辺りの説明もないのが接客的に残念です。

みんな、わからないままオープン時間過ぎてもかなりの時間並んでいました。

生鮮品の刺身などは無く、そこは少し残念でした。

もんじゃは最高に美味しかったです。"
100001000000 ,もんじゃ近どう 本店,"かねます＠勝どきの後に徒歩でプラプラ月島へ。

メインストリートの一本隣の小道にある人気店。
広めの席数なのに入店から退店までほぼ満席をキープ。
この日この時間は行列まではないもののひっきりなしに人が訪れ、客が絶えない。

もちチーズ明太もんじゃ 1500
人気ナンバーワン
　具はもちチーズ明太にキャベツ、焼きそば、干し海老、キャベツ、鰹節、肉カス。
　伝えるまでもなく、この組み合わせはテッパンだね。人気の秘密は出汁の効いた汁だね。　

あさりねぎバターもんじゃ 1320
　この組み合わせは初めて食べたけどいいね。
　あさりバターは安定の組み合わせだし、もんじゃとしてこんなに合うと思わなかった。　

熱々でハフハフモグモグ。
焼き上がりのユルさから、後半のおこげまでもんじゃは楽しい。

この日は同行レディーが二人とも焼き慣れしてたので両方、あっという間に仕上がり、美味いのなんのさ。"
100001000000 ,もんじゃ近どう 本店,月島で初めてもんじゃを食べました。月島もんじゃで検索してRettyのまとめで一番上の店に行きました。もんじゃよりも、牡蠣や肉や野菜を鉄板焼きでつまむ方が美味かったです。
100001000000 ,もんじゃ近どう 本店,"近どうへ行ってきました。
もんじゃ初心者の俺は、店員さんに作ってもらい、食べるだけ。
けっこうあっさりで、美味しい。"
100001000000 ,もんじゃ近どう 本店,"月島でもんじゃと言えばココ。…ていうかココしか来たことないんですワタクシ(^^;;
何年も来てますがココのお味が自分のベースになっているので、他所で食べるとなんか違うと思ったり。
定番人気の明太もちチーズと、ココではあさりバターは外せない。
もんじゃ焼きながらハイボールをチビチビ…楽しい時間が過ごせます(?´?`?)"
100001000000 ,もんじゃ近どう 本店,"最近さぼり気味だったので、久々に投稿しちゃいます。
今回ご紹介するのは月島のもんじゃ屋さん、近どう本店です。
昔、友達に教えてもらって行った事あるお店じゃないかな～と思って予約したお店だったのですが、
実は全然違いました・・・（オレってそんなんばっかｗｗｗ）
創業が昭和25年ということで、月島でも相当な老舗らしいのですが、
店内は思ったよりきれいな雰囲気で、昔の記憶にあるもんじゃ屋さんとはえらい違いですｗ

で、いろいろ注文したのですが、一番のおすすめは、「もちチーズ明太子もんじゃ」です。
もちとチーズと明太子の組み合わせは最強ですね。
おもちのトロリとした感じと、チーズの焼ける香ばしい匂いとその食感、
そして、最後に明太子がピリッ味を引き締める！すばらしい三重奏ですｗ

あと、ぜひ頼んで欲しいのが、海鮮塩焼きそばです！
こちら、具のプリプリしておいしかったのですが、味付けに使う塩ダレもおいしくて、
かなりお勧めです。
でも、味付けがセルフなので腕前が問われるかもしれませんｗ
つっても、たれの分量だけですけどねｗｗｗ

たまたまかもしれませんが、ちょっとお店の中がうるさすぎて、
会話がしづらかったのが難点といえば、難点かもしれません。

でも、月島でもんじゃが食べたい！というときの選択肢の一つとしては、
間違いなくアリなお店だと思います＾＾ｖ

ちなみに写真がちょっとピンボケなのはご愛嬌ってことでｗ"
100001000000 ,もんじゃ近どう 本店,もんじゃのプロに作ってもらったら、生まれて初めての味でした！もんじゃ、美味しぃ?☆*:.｡. o(≧▽≦)o .｡.:*☆手さばき学びました！
100001000000 ,もんじゃ近どう 本店,"月島もんじゃの人気店らしく、今夜も行列！
本店の隣と向かいに２号店、３号店とあり、席数が多いので、回転は悪くても意外と早く入れた。

明太もちチーズもんじゃが一番すき?

特製もんじゃは
生えび、生いか、生たこ、牛肉、切りいか、そば、コーン
と具沢山。
大量のコーンがかなり甘さを出しているので、好みはわかれるかも。
私はNG。。

トッピングがなんでもあるので、
オリジナルもんじゃも作れちゃう！

今日は
昔もんじゃ（キャベツ、揚げ玉、桜海老などのノーマルタイプ）ハーフ
に納豆＋キムチをトッピング。

納豆キムチが強すぎて、もんじゃじゃなかった笑


もんじゃおいしいのに、写真で伝わらないのが残念。。
完成時の写真は自粛(´･_･`)"
100001000000 ,もんじゃ近どう 本店,今回で2回目でしたが、新年会で利用しました。東京マラソンの試走を兼ねて、新宿→月島までの38kmを友人と走り、月島温泉で汗を流して、もんじゃ焼き。今年で７回目になる新年会、ここのもんじゃ焼きが欠かせません。
100001000000 ,もんじゃ近どう 本店,"一番人気のお店と言うことで、行ってみましたが、大雪の日なのに、入口には30分待ちの看板が…。
でも、運良くすぐ入れました。
味もとっても美味しかった。
変わり種で気に入ったのはコチュジャンのもんじゃ。
オススメです。"
100001000000 ,もんじゃ近どう 本店,"言わずと知れた、月島で一番人気のもんじゃ屋さんです。
毎日の行列は当然。予約しないと入れないかも。
鉄板焼きのメニューも充実してます。"
100001000000 ,もんじゃ近どう 本店,月島もんじゃの老舗中の老舗。近どうに久しぶりに来たけど、やっぱり美味しいので、妥協して他の店行かずに並びましょう！
100001000000 ,もんじゃ近どう 本店,味付けがされていて初心者でも美味しく食べれます。メニューで汁の味を変えている所は良いです。
100001000000 ,もんじゃ近どう 本店,入社三年目の頃、「天ぷらの近藤」を接待のために予約していることが上司にバレ、大目玉を食らい、慌ててココに変更した。冷や汗をかいた後のもんじゃはまたオツだった。
100001000000 ,もんじゃ近どう 本店,"月島もんじゃ！！
もんじゃ通りから少し外れた老舗らしいです。
明太餅もんじゃはテッパンですね??"
100001000000 ,もんじゃ近どう 本店,"初もんじゃに連れて行ってもらいました！もんじゃは期待したら駄目と聞いてましたがこちらは出汁もしっかり効いてて非常に美味しい！びっくりしました(≧∇≦)
定番の明太子餅チーズが最高でしあわせでしたー！焼き方もお店の人が教えてくれるので安心です。
他焼き物も揃ってて甘いクレープ？も美味しく頂きました(*´ω｀*)"
100001000000 ,もんじゃ近どう 本店,"久しぶりにもんじゃ食べました

王道の明太チーズもんじゃはやはり美味い！

店内は広々としてるし、綺麗。
そして店員さんが丁寧に鉄板さばきしてくれるので楽だし美味しい?。"
100001000000 ,もんじゃ近どう 本店,明太もちチーズもんじゃ。車で行って路上の60分パーキングに停車してランチでいっても面白い。
100001000000 ,もんじゃ近どう 本店,"明太もちチーズもんじゃは

食べなきゃ損します

が！

漢もんじゃ

これは食べましょう
ニンニク＆ハバネロが入ってるんで、
作るとき全員の目から涙が出ますが
食べると笑顔になりますよ"
100001000000 ,もんじゃ近どう 本店,もんじゃストリートの一本裏にあるせいか、並ばずに入れました。一個は作ってもらいましたが二個目は自分で。定番の明太餅チーズもんじゃとシーフードもんじゃ。ビールも飲んで東京下町の味を堪能しました。
100001000000 ,もんじゃ近どう 本店,"みんなでわいわいもんじゃ！

とお好み焼き！

帰りにはがしいただきました♪"
100001000000 ,もんじゃ近どう 本店,ここだけ格段に人が混んでいる。もんじゃはもちろん、お好み焼きもフワフワしてて美味しかった。
100001000000 ,もんじゃ近どう 本店,"昨日のランチ。もんじゃ。

東京は観光日和なのか人混みだらけ。行楽シーズンですもんね。
そんな日に、あえての観光地的もんじゃの聖地 月島でランチをいただきました。

大阪ではもんじゃって滅多にお目にかからないので、いつもついつい明太子、チーズ、もちのキーワードが含まれるメニューをチョイスする傾向にあるんですが、今回は正統派。海鮮をメインとしたものをオーダー。

正直、明太子とチーズが入ったもんじゃは、スナック菓子的おつまみとして考えていましたが、正統派はおやつ的ではあるけれど、少し味のレベルが高いように感じました。

とはいえ、ビールのツマミであることに変わりなし。
昼ビールを楽しみつつ、服をもんじゃ臭くして帰りましたとさ。"
100001000000 ,もんじゃ近どう 本店,"もんじゃが食べたい気分で月島へ！
ダンナおすすめの近藤さん。
明太餅チーズもんじゃが最高！！
明太の味がしっかりしてました！
贅沢を言えばハイボールが角ハイだったらパーフェクト！！！"
100001000000 ,もんじゃ近どう 本店,"火曜日に会社のメンバーと行きました！！
めっちゃ混む噂を聞いていましたが、店舗数？向かいに別店舗もあり、大丈夫そうでした。
行かれる方は、事前に確認してください。喫煙は、外になるので注意してください。
明太子トッピングばっかりしていました(笑)
美味しかったです！"
100001000000 ,もんじゃ近どう 本店,壁にずらっと有名人たちのサイン。メニューたくさんあって、選ぶのも楽しい♪
100001000000 ,もんじゃ近どう 本店,"リーズナブルでいい(^o^)/
中でも、お好み焼きが美味しい
芸能人の色紙がいっぱい
食べ終わった後の臭いがちょっと。。。ね^_^;"
100001000000 ,もんじゃ近どう 本店,店内に有名人の色紙がびっしり！もんじゃは出汁の味が濃かったと思いますが、もんじゃの味の違いあんまりわからない?。笑  トッピングがたくさんあるからその点楽しいですね。混んでるから結構大声ださないと会話できません。笑
100001000000 ,もんじゃ近どう 本店,"好きで定期的に行くもんじゃ屋さん。
餅チーズ明太もんじゃは欠かせない。
あとはクーポンであんこ巻き。"
100001000000 ,もんじゃ近どう 本店,久しぶりにこちらのあさりもんじゃを食べに！あっさり(ぷっ)してて、醤油で食べても逸品です
100001000000 ,もんじゃ近どう 本店,"ランチに、恋人と訪問しました。
もんじゃが美味しかったです。
40分ほど並ぶけど、満足できるお店で、家族連れでの利用がオススメです！"
100001000000 ,もんじゃ近どう 本店,【月島人気No1もんじゃ】Rettyの月島もんじゃで一番人気のこの店は、日曜六時前で既に並ぶ。海鮮と肉が具だくさんの特製！こんどうもんじゃを注文、食べ応えあって相当旨い。さすがNo1！
100001000000 ,もんじゃ近どう 本店,"人気店だけど、店員の感じも良く、料理も美味しかった。ならんでもここにすべきだね。出来れば予約
ディナーに、家族で訪問しました。"
100001000000 ,もんじゃ近どう 本店,"月島の大通り沿いではないのですが、有名です。新橋のお店にも行ったことがありますが、どちらも締めにあんこ巻きをいただきました。店員さんがクレープ生地をクルクルと巻いて作ってくれます。
普通のもんじゃも美味しいです。"
100001000000 ,もんじゃ近どう 本店,"正月最後の休みに、もんじゃが急に食べたくなり行きました。
豚玉のお好み焼き、明太もちチーズを頼んで、順に着席のテーブルで焼くスタイル。複数頼むときは食べる順番大事だなぁと。

味は美味しく、急かされることなくゆっくりいただけました。"
100001000000 ,もんじゃ近どう 本店,"月島もんじゃの老舗といわれる近藤さんにいってきました！！
量も多くて、友達と一緒に満足??！！
美味しいし、また行きたいです??！！"
100001000000 ,もんじゃ近どう 本店,"久しぶりのもんじゃ。
前回とほぼ同じ写真ですが、テッパンのもちチーズ明太子は外せません。
美味しかった！"
100001000000 ,もんじゃ近どう 本店,"さーもんじゃを食べよう♪

店内満席。ガヤガヤととってもにぎやか。
5名での訪問でしたが、6人席だったので、余裕( ´ ▽ ` )ﾉ

もんじゃは店員さんが焼いて下さり、プロの味。慣れてる方は手際がいいなー。

ビールやハイボール、サワーとともに。

チーズ明太餅や近どう特製やカレーのもんじゃ
塩焼きそば、豚キムチ、エリンギバターソテー、胡瓜浅漬け、枝豆など。

ガヤガヤしすぎておしゃべりが聞こえにくいのは残念だけど、仕方ないかー。
みんなでじゅーじゅーすると、仲良くなれる( ´ ▽ ` )ﾉ
楽しかったし、美味しかった。"
100001000000 ,もんじゃ近どう 本店,"久しぶりの月島、久しぶりのもんじゃ
お店に着くと待ち客多数
このお店は月島で創業開始が一番早い老舗
店内には多くの有名人のサインが並んでいる

ちょっと遅れて行ったので僕の大好きな
明太・もち・チーズ鉄板の上に広がっていた?

大好きなラムネサワーを飲みながら
豚キムチとここのもう一つのお勧め
具沢山の「近藤もんじゃ」
焼いてくれたのはバイトを開始して2か月の若者
まだまだ未熟でこれからに期待

小声で不平を呟いたらキャリア2年の女子が登場して
鮮やかな手つきで塩焼きそばを作り上げた

「お勧めもんじゃ二つ食べた後の〆もんはカレーでいいですか？」
と女子に聞いたら間違いないという顔で頷いてくれたので
カレーも作ってもらった
もちろんトッピングはチーズで(^^♪

たかがもんじゃ、でもされどもんじゃ
そして誰と食べるかも重要
だって、もんじゃの時は必ずエロトークになるから
#鉄板焼き"
100001000000 ,もんじゃ近どう 本店,月島でもんじゃが食いたい日にはバカの一つ覚えのようにここを使っています。味の差はわかりませんが、ホスピタリティーがいい。広さも混み具合も含め使い勝手がいい。まあ、関西人なんで、もんじゃにはそこまでの期待がないのと差が分からないこともあるでしょうが、不足はないお店です。
100001000000 ,もんじゃ近どう 本店,"もんじゃー！
お店いっぱいあって、どこに行っていいのか分かんないー！
ということで、何気なく入ったこちらのお店へ。

いただいたのは、もちチーズ明太子もんじゃ（1500円）ほか。
久しぶりなので、最初はお店の人に作ってもらいました。
小さなヘラで食べるスタイル、ちゃんとできたよ。
味の善し悪しはわからないけど、
もんじゃに明太子はマストアイテムですね。
＋もち、＋チーズのもんじゃ、なかなか美味しいです。
ビールが欲しくなりますが、車の運転があるのでノンアルコールビールで。
みんなでワイワイ言いながら食べるのって楽しいですね♪"
100001000000 ,もんじゃ近どう 本店,"行ってきました老舗のもんじゃ焼屋さん
注文したのは特製近どうもんじゃ、昔懐かしもんじゃとサイドメニューです。
味は出汁より塩味濃い目
子供には少ししょっぱいかな？お酒と良く合います。
初めて行ったのですが予約席で埋まってたので行くなら予約した方がいいですね
ただ残念なのが生ビールが不味かったことと店員の接客の悪さ
ビールは単純にビールサーバーの掃除してなく不味い
店員に関してはキッチン入口に5?6人立って世間話
それに私達に尻を向けて話してる
もんじゃは美味しかったけど残念なお店ですね
基本、鉄板の火の強さはお客さん任せ
焦げても店員は気づきませんでした。
美味しく食べて欲しいなら一声あってもいいかなと
多分2度目はないと思います。
その辺を気にしないならもんじゃは美味しかったのでいいかも？"
100001000000 ,もんじゃ近どう 本店,"月島のもんじゃ焼きハシゴ２軒目

とても混んでいたので、空いてから入店。
某サイトでも高評価だし、芸能人のサインもたくさんあって
期待大。

実にいろんな種類のメニューがあって楽しい。
量も結構多くボリュームがあり、普通に美味しい。
けれど、
もんじゃは好みがあるんだろうけど、
ベースが薄いのか、なかなか固まらないし、
焼き目も最後まで付かなく、味が少し薄い。。
へらで押し付けて、焼き目がつくのが自分としては
もんじゃの楽しみだから、自分には合わないかな。。。"
100001000000 ,もんじゃ近どう 本店,"月島在住のお客様のオススメにより訪店。

人生で2度もんじゃを食べたことがあったけど、どれも美味しいと感じたことはなかった。
これは3度目の正直というのだろうか、初めてもんじゃを美味しいと思った 笑

店員さんに頼めば焼いてくれるのもポイント高し。

この店に限ったことではないが、店を出る頃には服が油臭くなるので、そこんとこ注意なり。"
100000000000 ,もんじゃ まぐろ家,月島で立ち寄ったお店。本場のもんじゃ焼きはじめて食べました。素人なので店員さんに作ってもらいました。ほかにもいっぱいお店があるんですね。
100000000000 ,もんじゃ まぐろ家,"【月島もんじゃエンターテインメント】
記念すべき投稿は、月島もんじゃ激旨、CP最強「もんじゃ まぐろ家 本店」(月島3丁目)。

ご存知の通り、月島には70店舗以上のもんじゃ店がありますが、その中でも味とコスパのバランスが最強なのがこのお店。いくつかコースがある中、今回頼んだのは「激安！まぐろステーキ付きコース」。

＜コース内容＞
1.まぐろステーキ　※写真
2.大盛りもんじゃ(1)
3.大盛りもんじゃ(2)
4.おすすめお好み焼き(1)
5.おすすめお好み焼き(2)
6.豚の焼きそば

超ボリュームの6品。これに、""2時間飲み放題""が付いた値段はなんと驚きの3,800円！　※但し、5名以下の場合は4,300円なので注意

一軒家のレトロハウスで、みんなで鉄板を囲い、コテを持てば、それは息つく暇もない「もんじゃエンターテインメント」の開始。

もんじゃ、そして淡水鍋物最高だ！
#極宴会"
100000000000 ,もんじゃ まぐろ家,"はじめにマグロステーキをいただきました～もんじゃもカレーや明太子もちなどバリエーションに富んでいて美味しかった！！
#マイベスト10"
100000000000 ,もんじゃ まぐろ家,"月島の路地にあるもんじゃ屋さん。
飲み放題コースもある珍しい？お店。

多くの有名人のサインが飾られているから有名店らしい。
中には安倍晋三のサインや松井の写真も！

そんな有名だとは知らなかった！

今宵はワイワイ忘年会第一段で利用。

まぐろステーキ、もんじゃ２種、お好み焼き２種、〆は焼きそば。
怒濤の炭水化物コース！

煙臭くなるけどこんなのもいいよねーと思う。
ワイワイ楽しむにはいいお店♪"
100000000000 ,もんじゃ まぐろ家,"もんじゃ美味しかったですよ。

研修の懇親会で行きました。

やっぱり、明太もちチーズですな。

まぐろのかまトロもほんとうまかったです。"
100000000000 ,もんじゃ まぐろ家,月島もんじゃ通り沿いに有る「まぐろ家」さん、流石混んでます。海鮮、明太子もち、そばもんじゃ頂く！美味いね?！^_^
100000000000 ,もんじゃ まぐろ家,初訪問。18時予約で、もう満席！時間制限も特になかったと思うので、ゆっくりたっぷり楽しめました。名物のまぐろのカマトロを頂き、満足！もんじゃも美味しかったです♪オーダー忘れられたこともありましたが…
100000000000 ,もんじゃ まぐろ家,"週末は、月島にて。。。

今日は、飲み友さんと勝どきの「かねます」さんに行こうと思ったのですが、
お店の前に行列ができていて当分入れそうになかったので、

月島の「もんじゃ　まぐろ家」さんへやってきました！！

こちらのお店はもちろんもんじゃ家さんなんですが、マグロが食べられることで有名なお店！！

まずは、やっぱり生ビールで乾杯！！

あてには、

○本マグロカマトロ

　見るからに美味そうなマグロちゃん！！
　食べてみると、めっちゃとろけますぅ。。。これは、やばいっす！！

○坂井スペシャル

　スペシャルというだけあって、めっちゃ具だくさん。。。
　これは食べ応えがありますね。。。

○磯のホイル包み焼き

　これは、日本酒がほしくなるところですが、
　今日は、ワインとコラボしました。

そして、〆には、定番のあんこ・あんず巻！！

あんこというとクドク感じますが、これが〆には最高ですね。。。

さぁて、２軒目は、勝どきの「枝村酒店」へ。。。"
100000000000 ,もんじゃ まぐろ家,"久々に月島のもんじゃ！
まぐろ家に訪問です。
とりあえずビールと、まぐろバター、磯のホイル包み焼きを注文です。
どっちもビールに合ってウマイ！
そしてもんじゃの、まぐろしらす、あさりねぎをお願いします。
マグロが売りなだけあってまぐろしらすまいう?！
あさりねぎもサッパリした味でうま?い！
こちらの店のダシっていうんですかね、まあそれがたまらなく美味しいですね?。
〆にいただいた焼きうどんもグーであります。
また来たい！"
100000000000 ,もんじゃ まぐろ家,"月島ランチ巡りvol.6

【もんじゃ焼】

もんじゃ抜きのランチと思っていたんですが
嫁さんに、月島でもんじゃ食わなきゃ意味が無いじゃん！
とか言われまして、もんじゃも食べる事になりました。
もんじゃ大好きです。

まずはRetty初投稿の店！

【まぐろ屋本店】

もんじゃストリートにもあるんですが、並行して走る裏通りに本店が有ります。

浅草、銀座にも支店がある、けっこう有名店ですよ(^o^)/

多分、まぐろの入ったもんじゃはココだけ？だと思います。
それに天かすは、ミシュラン2☆の
「天ぷら近藤」の物を使用だってスゲ?

＊まぐろしらす
＊坂井スペシャル（海鮮たっぷり）
を注文。

どちらも旨いが、この店は、やはりまぐろ入りを食べるべきです！まぐろしらす、まぐろ浅利、まぐろネギ！酒が進む味なので飲み過ぎ注意しましょう(^o^)/"
100000000000 ,もんじゃ まぐろ家,"勝どき・月島飲みツアー２軒目：まぐろ家で、本まぐろカマトロ、やばいっす！！

今日は、飲み友さんたちと勝どきの「かねます」さんへ！！

かねますさんで美味しい料理を堪能したあとは、
もんじゃを食おう！！という話になり、私の大好きな月島の「まぐろ家」さんにやってきました！！

まずは、カルピスサワーで乾杯！！

料理は、

〇本まぐろカマトロ

　見るからに美味そうなマグロちゃん！！
　食べてみると、めっちゃとろけますぅ。。。これは、やばいっす！！

〇まぐろ　もんじゃ　チーズトッピング

　そういえば、この店には何回も来たことがあるのですが、
　まぐろ入りのもんじゃは食べていなかった(笑)

　まぐろの身の食感とチーズのとろけ具合がいい感じですね。

〇磯のホイル包み焼き

　これは、日本酒がほしくなるところですが、
　今日は、月島ワインとコラボしました。

〇明太子もちチーズ　もんじゃ

　明太子・もち・チーズ、この３つがおそらく私的には一番の組み合わせだと思います。
　明太子の味わいともちとチーズがダブルでとろけ、やばいっす。。。　

〇あんず巻

　電話予約サービスで、あんず巻をいただきました！！
　これが美味しいんですよね。。。あんこ巻も食べたかったなぁ。。。"
100000000000 ,もんじゃ まぐろ家,10年ぶりくらいのもんじゃだったかな。久しぶりすぎて他のもんじゃと比較しようがないけど、もんじゃ美味いじゃん！て印象。これからもっともんじゃ食べに行こうと思う。客単2000
100000000000 ,もんじゃ まぐろ家,"楽しみにしていた久しぶりの女子会で評判の良いこちらへ。
昼過ぎだったけれど、私達で満席。
兎に角、もんじゃ焼き（≧∇≦）
まぐろ、Special、明太もちチーズ、
締めにあんこ巻き。
いや?美味しかったぁ（≧∇≦）
焼き手がプロ並みの腕前だったのもあるけど、他のお店のように、何かを足す必要なし！満足、満腹でした。
お値段は1000円前後。で、５時まで限定クーポン20%引き利用で。お得。
常連さんになりたいお店でした。"
100000000000 ,もんじゃ まぐろ家,本マグロカマトロが幸せなことこの上ない美味しゅうございました。もんじゃも美味しかったのですが、本マグロとカキバターはお勧めです。
100000000000 ,もんじゃ まぐろ家,"人生初もんじゃ♪
まぐろしらすと坂井さんスペシャルの2種類を注文♪店内はサインがたくさんありました！
どっちも美味しかったけど坂井さんスペシャルの海鮮の新鮮さと明太子が美味しかった?"
100000000000 ,もんじゃ まぐろ家,"せっかく月島に来たのだからともんじゃ屋さんへ
どのもんじゃ屋さんも美味しそうだったけどわいわい感のあるこちらのお店へ
結構なお値段に驚きつつも海鮮もんじゃを注文

なるほど、こりゃ安いわけがない
だしが効きまくり！海鮮たっぷり！
一枚で二人十分満足できます

『月島もんじゃ』とはこういうものなのかと知った夜でした"
100000000000 ,もんじゃ まぐろ家,"懐かしいお店！！
久しぶりに行ってきました。

美味しいもんじゃがいただけます。
ホタテ焼きもすごく柔らかく美味しかったです。"
100000000000 ,もんじゃ まぐろ家,"月島のもんじゃハシゴ１軒目

向かいの店が混んでいたので、
こちらにまず入ってみる。

マグロが材料に入っていて珍しく、
それが実にとてもマッチしていて美味しい。
全体的に量が少なめに感じる気がしたけど、
他のものも試したくなるような満足感がある。
もんじゃのベース自体の味がしっかりついていて、
焼き目のついたもんじゃが十分に楽しめる。
とてもオススメ◎"
100000000000 ,もんじゃ まぐろ家,"もんじゃにマグロをinしたのは初めてです！！
でもよーく考えたらツナですね！
ぶつ切りマグロが過熱によりほろほろしていき美味しかったです?
数量限定のカマとろ刺身も食べられて大満足！！"
100000000000 ,もんじゃ まぐろ家,"店内の賑わいにひかれるようにしてふらふらと入ったもんじゃ屋さん。
店名の通り、まぐろが入ったもんじゃがたくさんあります。
表面に熱が通った状態で頂く大きなまぐろがとても美味しい。
さっぱりと飲みやすい月島ワインを頂きながら、この場所の空気に浸ることができました。
お客さんがみんな楽しそうに笑ってて本当に素敵な場所です。
ごちそうさまでした。"
100000000000 ,もんじゃ まぐろ家,"宴会利用。
まず最初に鮪のサイコロステーキが出てきて、その後にもんじゃ２種とお好み焼き２種、焼きそば…と続き、気がつけば満腹。
２時間飲み放題が付いてるコースだったので十分満足。"
100000000000 ,もんじゃ まぐろ家,もんじゃはもちろん美味かったですが、店名に偽り無く、まぐろのカマトロ刺が最高でした！とろけましたよ?
100000000000 ,もんじゃ まぐろ家,"明太子もちチーズもんじゃ美味い！
まぐろのステーキもなかなか。

まぐろステーキ、もんじゃ2種、お好み焼き2種、焼きそば、飲み放題で3,800円とはリーズナブル。"
100000000000 ,もんじゃ まぐろ家,"久しぶりのもんじゃ！！
もんじゃは作るのも楽しめるので、いいですよね！

ここのマグロのステーキはすごく美味しいです！"
100000000000 ,もんじゃ まぐろ家,"まぐろをそう食べるか?
って思ったけど、食べてみるとイケる?
もんじゃ、焼きそば、お好み焼きと自分で楽しみながら焼いて食べるって良いっすね^ ^"
100000000000 ,もんじゃ まぐろ家,"にんにく追加するのがおすすめ?
デザートのチョコ巻き、あんこ巻き、あんず巻きがすき?"
100000000000 ,もんじゃ まぐろ家,"月島にあるもんじゃ屋さん。

中でもまぐろが入ったもんじゃは斬新で美味しい！"
100000000000 ,もんじゃ まぐろ家,"月島で人気のもんじゃ、お好み焼き屋さん。

何頼んでもハズレなし！
美味しかったです♪

坂井スペシャル(もんじゃ)
スタミナ(お好み焼き)
あんこ巻き(アイス、黒蜜付き)

どーやら、電話予約すると、予約人数に応じて何品か無料で貰えるみたい！(*´∀｀)

 #友人・同僚と #女子会 #デート "
100000000000 ,もんじゃ まぐろ家,"月島の有名なもんじゃ焼き屋さん。
ランチで行ってきました。
頼んだのは
・マグロあさりもんじゃ
・豚キムチ焼きそばもんじゃ
とても美味しく頂きました！
豚キムチ焼きそばもんじゃは初めて自分で作ってみました！楽しい（≧∇≦）
時間があれば、他のお店もハシゴしたかったけど、そこはギブアップ…
 
#ランチ #友人・同僚と"
100000000000 ,もんじゃ まぐろ家,"もんじゃ屋が立ち並ぶ仲通りからは少し外れた所に、ぽつんと一件だけ立つお店ですが、美味しい！

この日はマグロアサリと、キムチソバを頂きました。

もんじゃの他にもA5サーロインやマグロの刺身などもあります！"
100000000000 ,もんじゃ まぐろ家,"月島もんじゃ二回目です。
おすすめという
坂井スペシャルもんじゃ
コンビーフカレーもちチーズもんじゃ
カマトロ刺身
月島ワインを頂きました。
美味しかったです。でも上手な人(店員さん)が作ったらやっぱり味は違うんですかね？プロが作ったもんじゃ食べてみたいです。まぁ自分で作ると楽しいんですが。"
100000000000 ,もんじゃ まぐろ家,"もんじゃ屋さんなのにマグロが有名なお店。
どっちも美味でした。マグロのカマトロが素晴らしい。"
100000000000 ,もんじゃ まぐろ家,会社の飲み会にて。イタリアンに烏賊のはらわたトッピングのもんじゃが斬新でした☆
100000000000 ,もんじゃ まぐろ家,"今日は元同僚とたちと「まぐろや」さんに。

明太子もちチーズもんじゃと、まぐろもんじゃをいただきました。

さっぱりお出汁の優しいお味が私の好みにピッタリ??
まぐろもんじゃはチャレンジでしたが、全く生臭くなく美味しかったです。
ツナだと思えば合うのも納得。。。"
100000000000 ,もんじゃ まぐろ家,"月島のもんじゃ焼きが食べたいという地方から来たお友達を連れて行きました(^^)
明太子もちチーズもんじゃ焼きと豚キムチお好み焼き、そしてデザートにはあんこ巻きをいただきました（＾ω＾）！どちらかと言うと味が濃いめの出汁を使っているので、私好みで大満足でした?"
100000000000 ,もんじゃ まぐろ家,"味  ★★★
雰囲気  ★★
スタッフ  ★★
価格  ★★★

テレビで何回か紹介されている、もんじゃ焼き屋さん！
写真には無いけれど、海鮮焼きはタコ・ホタテ・エビ・イカと一つ一つ具材も大きくボリュームがあった！"
100000000000 ,もんじゃ まぐろ家,"マグロのもんじゃが食べられるのはここくらいと聞いてとりあえず行ってきました。

実はもんじゃをあまり食べたことが無いので、味の良し悪しがありませんでしたが、
とりあえずはとってもおいしかったです。

まぐろもんじゃ、そばもんじゃ、チーズもんじゃ
合わせて2600円くらい

色々なお店があるので、特色も違ってくるのかと思います。"
100000000000 ,もんじゃ まぐろ家,"マグロの入ったもんじゃがあるお店みたいです。
が、スタンダードに、海鮮が入ったオリジナルの坂井スペシャルと、明太もちチーズにベビースターのトッピングを食べました。
どちらも美味しかったです！

坂井スペシャルは海鮮がたくさん入っていて、おすすめ。
もんじゃは海鮮(特に明太子とタコ)が入ったものが個人的に好みなので、求めていたお味で大満足。

明太もちチーズは、ここはチーズの味がかなり強め。
わたしはチーズが大好物なので好きな味でしたが、もんじゃとしては少し他の具材の味がぼやけるかも。

他にもピザもんじゃや四川もんじゃなどの珍しいメニューも多く、またトッピングがすごくたくさんあるので、いろいろ楽しめそうです。
お酒だけは、チューハイも甘めで、ワインも風味がなく(ワインが得意でない人にはアッサリで飲みやすそうです)、ちょっぴり好みと違ったのが残念。
でも、美味しいもんじゃを食べれて十分楽しめました♪"
100000000000 ,もんじゃ まぐろ家,"月島でもんじゃ～♪
たくさんもんじゃのお店がある中からまぐろやをチョイス☆*有名人も結構訪れていて話題のお店のようだったので…。
もんじゃ焼の味について評価できるほど、もんじゃ焼を食べたことはありませんが、自分たちで鉄板で焼きながら食べるのはやっぱり楽しいです?サイドメニューのイカ焼きも美味しかったです?あとお昼からお酒が飲めます(・∀・)"
100000000000 ,もんじゃ まぐろ家,まあまあって感じかなあ。特別ここだからというもんじゃでもなかったような気がする。
100000000000 ,もんじゃ まぐろ家,"人気なので夕方もんじゃを食べようとしたときに入ってみた。
まぐろメニューがあるのが特徴。
もんじゃは思ったよりボリュームない盛り方でやってきた。お客さんも少ないのに鉄板の掃除はなし。味はよかったので、不満はないけれども、いつも行くとこがすごいいいんだなーと再確認。コースがいいんだろうか。
【2013.10】"
100000000000 ,もんじゃ まぐろ家,もんじゃ焼きの店だが、マグロのカマトロが美味いとの噂だったが、単なる噂であった。如何にも解凍したてという感じで、水っぽくて食べられませんでした。もんじゃは普通です。
100000000000 ,いろは本店,"月島をブラブラして発見！
ホタテ、海老、牛肉と具沢山のミックスもんじゃを注文。
かなり美味しかった♪( ´▽｀)
たねとのバランスがいいのか具の歯ごたえや旨味を存分に味わえた。
是非、また来たい店！
大満足?"
100000000000 ,いろは本店,"月島もんじゃの有名店。明太子もちチーズもんじゃ、明太子すごい！
味も申し分なく美味しい。
トッピングの焼き方、混ぜるタイミングも書いてある通りにやればいい感じに仕上がります。"
100000000000 ,いろは本店,"月島の人気店♪
もんじゃって、大抵途中で飽きちゃうけど、最後まで美味しく頂きました?(*´?`*)?

果物姿そのままのシャーベットも
〆においひい?

◆チーズもんじゃ(930yen) 
◆ミックスもんじゃ(1350yen)☆ミオススメ
◆いろは天・お好み焼き(780yen)
◆果物のシャーベット(400yen～)
?.｡.:*・ﾟ ?.｡.:*・ﾟ ?.｡.:*・ﾟ ?.｡.:*・ﾟ ?.｡.:*・ﾟ"
100000000000 ,いろは本店,"ArchiFutureの帰り、月島を通ったら、急にもんじゃが食べたくなって寄ってきた。生ビールを注文し、アスパラと牡蠣のバター焼きを食べた。そして、メインのもんじゃ焼き！お店のおすすめ「生えびもんじゃ」、想像した通りの裏切らない味
ビールをお代わりして、牛スジキムチも食べたが、これがまたうまかった！
〆は、焼きうどん…醤油味が懐かしい"
100000000000 ,いろは本店,"言わずと知れた元祖？もんじゃ焼き屋さんのいろは(*^_^*)

もう30年も通ってます(^O^)／

今日はミックスもんじゃに切りイカとそばをトッピング1850円にカキバター900円とミックス焼き700円

美味しくてもうノックアウトされました（＾◇＾）"
100000000000 ,いろは本店,"もんじゃといったら月島。
友人が知ってる名前、ということで入店。
気前よく、わからなければ焼きますよ！
と言ってくれたおネーサンに最後まで甘えてしまいました。笑
めんたいもちチーズもんじゃ、いろは天お好み焼き。美味しかった！！"
100000000000 ,いろは本店,"いつも混んでて入れなかったのですが、日曜18時はいけました！めんたいもちチーズもんじゃしか食べないのですが、1680円くらいと少し高め。。お餅は珍しい小さい丸餅～
優しい味で美味しかったです♪"
100000000000 ,いろは本店,"月島で昭和30年代創業の老舗もんじゃ店。
居酒屋を3軒ハシゴし、〆にうかがいました。

人気の「もち明太子チーズもんじゃ」を注文。
明太子とチーズのコクと、もちの食感が良い。
お焦げと超炭酸ハイボールが最高に合います。

カレーもんじゃも絶品でした。#もんじゃ"
100000000000 ,いろは本店,"食べログ3.46(昼3.33 夜3.33)
恍惚なもんじゃ街、月島。私のもんじゃ作りがうまかったおかげで先輩がこのお店で知り合った人と結婚を成し遂げたという逸話が自分の中で話題になっているお店。もんじゃ作りがキューピット。
日曜に勝どきでフットサルからの月島もんじゃというゴールデンコラボしてきました。チョコ巻きとあんこ巻きが美味い！！！

すごく古くからあるみたいですね人気店です。
はっきり言ってもんじゃの美味しさの違いは分からないですが、明太餅チーズもんじゃとさっぽろもんじゃ、お好み焼きを2つ食べました。
デザートに食べたチョコ巻きとあんこ巻きがひじょーに美味です。これだけ食べていたいと思うくらい。笑

ちなみにこのいろは、ちょっとした逸話がありまして
1年半前にも同じ店舗に来てるんです。そのときは20人程度でフットサルした帰りだったのですが、社会人として1番下っ端だった私はせっせともんじゃ焼きを作ってました。そのもんじゃ作りが初めてノーミスで美味しく焼けていたんですね。
すると隣の席に女性4人組が、、、もんじゃがきておろおろしてるじゃないですか。それを見た某先輩Aが「お前、隣の女性陣のもんじゃ作ってこい」と。。。
作りましょうか？なんて声をかけてこれまたノーミスでもんじゃを作りました。わーすごーい  なーんて言われ、気づいたらその女性陣も混ざって飲み会してました。
そこにいた某先輩Bが、その女性陣のうちの1人とのちに結婚したというのはなかなかの逸話だと思いませんか。
その日、私のもんじゃ作りがうまくいってなかったらあの結婚あり得なかったんじゃないかって笑

もんじゃ作りはキューピットにもなれるのです
もんじゃ作りは世界を救う

なんつって。

君が上手いねと言ったから、11月9日はもんじゃ記念日
(日付は至って適当)

なんつって


#ディナー"
100000000000 ,いろは本店,"焼くのに夢中で写真が1枚！月島のもんじゃ焼屋さん。

明太もちチーズ
サッポロもんじゃの２つがオススメ。

サッポロもんじゃは札幌みそラーメンをもんじゃにしたもの。おもしろ美味しい一品でした。

店員さんが代わりに焼いてもくれますが、写真は必死の自作もんじゃ。"
100000000000 ,いろは本店,"初月島での初もんじゃ

友人お勧めのいろは！

明太子チーズ餅！！

ヤバイうまい、もんじゃのイメージが変わったぞ！

やはり店の人に任すのがうまいもんじゃを食べるコツか？（笑）"
100000000000 ,いろは本店,"二葉さん主催のオフ会に参加してきました！
幹事は流石にもんじゃの作り方が手馴れていて、アレンジも効かせてくれたので今までで一番美味しかったと感じました。

コースのラインナップは、
豚肉、海鮮バター、店からのサービスに、もんじゃ三種、お好み焼き、デザートの餡巻きとアイス。
ボリュームもあり満足でした。
やっぱり粉ものは楽しくて美味しいですね。ありがとうございました。"
100000000000 ,いろは本店,"Futabaさん主催のRettyイベントで。
つきしま西仲通り商店街参番街角の交番のすぐそこ。
西仲通りはもんじゃストリートという感じでほんとにもんじゃ屋さんが多い。

今回コースで飲み放題ということで鉄板焼きにもんじゃを堪能できました。
なんかお店の方のサービスでいきなり特上カルビが出てきちゃったりと。

・イカ、ホタテ、海老の海鮮バター鉄板焼き
・ミックスもんじゃ
・豚キムチもんじゃ
・明太子餅チーズもんじゃ
・お好み焼き　豚玉
・カレー、ベビースターもんじゃ
・デザート　あんこもち
・アイスクリーム
などなど。


月島出身のFutabaさんに焼いてもらったんですが
キャベツの扱い、汁を入れるタイミング、できあがりのタイミング、
おこげとほとんどお店の人に任せてるかのような「もんじゃプロ」の技。
もんじゃってこんな風に焼くものなんですね。
ふんわり、とろとろの駄菓子感覚はやっぱりここまでやらないとなかなか出てこないものです。

総勢9人で楽しい時間を過ごすことができました。
Futabaさん、みなさんどうもありがとうございました！"
100000000000 ,いろは本店,"人生初めてのもんじゃを、経験しました。
それも、もんじゃの聖地、月島でです。
Rettyのオフ会の「月島でもんじゃ」での体験ですが、感動でした。
幹事さんとお店の方が、お知り合いらしく、サービスも抜群。
お店のご厚意で、厚切りの特上カルビをサービスしてもらえました。
もんじゃ＋飲み放題のコースで、7杯くらい生ビール飲んだせいか、記憶が断片的ですが、確かもんじゃを4種類。もんじゃ開始の前に、豚肉の、厚切りロースと海鮮、それと、先ほどの特上カルビをオードブルに(贅沢)その集いは始まりました。私には、オフ会のメンバーは皆初対面ですが、流石下町好き。直ぐに打ち解け楽しい時間となりました。
特に気に入ったもんじゃは、明太子とお餅のもんじゃでした。明太子の辛さ、プツプツした食感、とろ?りと伸びるお餅、甘みのあるキャベツ。ベルシーでボリュームも有って、大好物となりました。
でも、月島って凄いんですね。沢山のもんじゃ焼ののお店が文字通り軒を連ねています。流石聖地！"
100000000000 ,いろは本店,"もんじゃ好きっ
ここ最近は家の近くで食べてたのですが、
キャベツの量が全然多いし、具の一つ一つの存在感。
やっぱり違う！

写真ちょっと汚い感じですみません(′??｡)"
100000000000 ,いろは本店,もんじゃ焼きが食べたくなり月島へ！Rettyで検索したら『いろは』さんを発見(^^)迷わす行きました。偶然入れましたがさすがに名店。次から次へとお客さんが入ってきました。料理はどれも美味しかったです（≧∇≦）
100000000000 ,いろは本店,"豊洲までウォーキングの予定だったのに2人とも呆気なく挫折
さてどこへ行こうか考えて、よーへいさんのオフ会の告知が頭をよぎり下見がてら訪問
ビールにレモンサワー
もんじゃは鉄板の
明太子もちチーズと桜海老
牡蠣のバターソテーも頂きました
時間が早かったので待たずにすんなり入れましたが、日曜日でも6時以降は予約がないと厳しいみたいです"
100000000000 ,いろは本店,"もんじゃ焼きをいただきに月島に。
土曜日の遅い時間にも関わらず混んでいて少し並びました。
後ろに並んでいた方が嬉しくもドリンク無料券をくださったのでラッキー！
おつまみ何品ともんじゃ焼きとお好み焼きを注文。
もんじゃはミックスもんじゃ（牛・ホタテ・生海老）\1,350をいただきました。
溢れるほどたくさん出てくるので、テンションも上がり、これをどうやって作ればいいのかという緊張感もMAX(笑)
もんじゃ焼き自体あまり食べたことがないので、他のお店と比べることはできないけど、素直に美味しい！と思いました(⌒▽⌒)
またお伺いしたいです♪"
100000000000 ,いろは本店,"旨いでしょ！もう50年以上前からやっている老舗ですよ(*^ー^)ノ♪
私も子供のころから贔屓のお店です(^-^)/"
100000000000 ,いろは本店,"Futabaさんのオフ会で参加しました?

飲み放題とコースで4000円とおトク！
結局3時間近くいたような気がします。

最初に鉄板焼きで、海鮮モノと肉系
もんじゃが3セットぐらい（お好み焼きっぽいやつ、海鮮と肉が入ったやつ、キムチが入ったやつ、餅が入ったやつ）
あれ、4セット？ぐらいいただきました?！
全部店員さんにやってもらいました＾＾；

もちのもんじゃが特に美味しかったですね?！

最後にお好み焼きとデザートにあんこが入ったもち？いただきました！
これもまた美味でした！"
100000000000 ,いろは本店,"フタバさん主催のイベントで☆

人気店のようです…金曜夜、どんどん予約なしのぶっつけの方々がしょんぼりと帰っていってました。

みんなで囲む鉄板は楽しいし、作り手によって味にバリエーションが生まれるもんじゃ！ホント楽しいなぁ。
そしてビールのツマミにも最高。

コースは少し量が多かったですね(苦笑) 大満腹です。

牡蠣の季節にも行ってみたいなぁ。"
100000000000 ,いろは本店,"Futabaさんのオフ会に参加させていただきました（^人^）
普段は帰宅が遅いので、平日のオフ会参加はキツイながらもちょっとの遅れで到着?！p(^_^)q
地図ではこの辺りのはずなのにお店が見つからず、周りをキョロキョロ。
二階を見上げるともんじゃ屋さんらしい雰囲気のお店を発見。
路上には看板が出ていないのでちょっと分かりにくい感じです。
階段を登る時にいろはの看板を発見出来ます。
店内に入るとタイミングよくシーフード炒めが出来上がったところでラッキー♪（≧∇≦）
もんじゃはみんなでワイワイ楽しく出来るので、一人ごはんにはない醍醐味。
殆どの方が初めてお会いする方ばかりでしたが、凄い盛り上がって楽しい時間を過ごせました(*^^*)
Futabaさん、いつも楽しいオフ会をありがとうございます（^人^）"
100000000000 ,いろは本店,"【月島】いろは 本店　老舗でいただく、月島もんじゃ！

5月15日の夕食は、2年ぶりに月島のいろは 本店 へ。

こちらは昭和30年代から続く、老舗の月島もんじゃ屋さんです。

17人でのRettyオフ会がスタートし、まずは生ビールで乾杯！

この日はメニューを見てないので、多少?間違っているところもあるかもしれませんが、だいたいこんな感じです。

いかバター、えびバター、帆立バター?
炒めても大きなままで、食べ応えがあります。?

ポークソテー
結構肉厚な1枚で、しっかり楽しめます。
???
1枚目のもんじゃ
焼く前の写真を撮ってないので、何もんじゃかは忘れました（笑）。
?
2枚目は大人気の、明太もちチーズもんじゃ。
 ?
この後、お好み焼きなどもあり、〆にこちら。

あんこ巻き
目の前でクレープのようにきれいに作ってくれます。

久々にもんじゃを堪能できた夜でした。 ?

http://ameblo.jp/masatoshi-utsubo/entry-12027568009.html"
100000000000 ,いろは本店,"10年振りくらいの月島もんじゃ
味覚が変わったのか、明太もちチーズより豚キムチベビースターのジャンクな味を美味しく感じた
もんじゃ、お好み焼きを作ったことのない人に作ってもらったりと、過程も楽しめるのはやっばいいね"
100000000000 ,いろは本店,評判が良かったので行きました。待つこと40分くらいやっとお店に入れてもんじゃ2種類と焼きそば、お好み焼きを注文しました。ミックスもんじゃはボリュームもあり美味しかったです。
100000000000 ,いろは本店,"食べ◯グで、月島もんじゃランキング堂々1位のお店へ行ってまいりました。

お店の前には、このクッソ暑いのにわざわざ並んでいる人たちがいます。
僕はあらかじめ予約をしている勝ち組の人間なので、行列などお構いなしに正面突破です。

ところで、圧倒的にオススメなのはミックスもんじゃと明太もちチーズもんじゃですよ。
明太もちチーズなんて、みんな大好き過ぎて2回も頼んじゃったもん。

店員さんが作ってるとこを動画に撮って覚えたので、今度行ったらきっとめっさウマく作れる気がするなー。

追伸
年配の方や常連の方には桜えびもんじゃってのが人気だそうです。
僕たちは年配でも常連でもないので頼まなかったけれど、いつか年配か常連になったら喰べてみよーかな。"
100000000000 ,いろは本店,"阿部ちゃんから緊急連絡
「月島でもんじゃ、8時だよ全員集合」

集まったもんじゃ好きは5名
食べたもんじゃも5個
1人1もんじゃ

でもやっぱりみんなが大好きなのは明太餅チーズ?
豪快なビジュアルの明太子と丸くて可愛いお餅が特徴的
余りの美味しさにもう一度お願いしますのオーダー発生

頼めばお店の人が焼いてくれる
自分が作るのと技術の差を見せつけられて
ちょっとジェラシーだけど美味しいから問題ない
むしろ作ってもらった方が楽だしね

芸能人も多数訪れるお店で閉店間際でも大賑わい
真夏にもんじゃ
金鳥の夏、日本の夏

#居酒屋"
100000000000 ,いろは本店,店内が綺麗で広い。頼めばお店のひとが焼いて下さるので、完璧な美味しいもんじゃが食べられます。(最後のおせんべいまでばっちりです！)お店も入りやすい雰囲気です。
100000000000 ,いろは本店,"月曜日レディースデーはドリンクとデザート無料！でした～(((o(*ﾟ▽ﾟ*)o)))?


なので、ドリンク(全てのメニューから選べる)、デザートのアイス、定番の餅明太子チーズもんじゃ、豚キムチもんじゃ、いろは天(お好み焼き)、それにドリンクをお代わりして、なんと一人1500円以下！（＾Ｏ＾）


美味しかったし楽しいし安いしもう大満足です！?


もち明太子チーズもんじゃは明太子まるまる一本乗っているし、すべてのもんじゃ、お好み焼きがボリュームあるので、四人で三つの料理で十分に楽しめました！


お店の雰囲気は明るくて、きれいめ。
荷物も椅子の下に収納できるので、ニオイをつけたくないものはそこでガードできます(^^)

店員さんは、いろいろ気がついてくれて、親切でした。


ぜひぜひ女性のみなさんは月曜日に行くことをオススメします！


火曜日はじゃんけんでなにかサービス、など、色々お得になる工夫がされているようでした。

#女子会 #コスパ◎"
100000000000 ,いろは本店,"久しぶりに来たので2軒目！
豚肉もんじゃにチーズトッピング
『蔵』より具が多めです。"
100000000000 ,いろは本店,"＊もち明太チーズもんじゃ
チーズのとろけ具合が最高。明太子が一本まるごとどどんっとのっている。
＊豚キムチもんじゃ
肉が入っていてボリュームもあるのでお腹がみたされます。キムチがいいアクセント◎
＊いろはミックスお好み焼き
豚はいって、海鮮もちょっとはいってる贅沢ないろは特製お好み焼き

もんじゃやお好み焼きは、友達に相談したり、友達とだべったりするには最高！

4人でこれたのんで1000円ちょっと。安い！そして月曜日がちょうどレディースデイだったので、ワンドリンク無料、デザート付きでした?"
100000000000 ,いろは本店,"せっかくの月島なのでもんじゃ（・∀・）
頼んだのはチーズもんじゃと梅もんじゃだったかなあ…
忘れてしまいました?
が!!梅いりもんじゃは初めてだったけどうまい！
楽しいな?もんじゃ(σ´∀｀)σ"
100000000000 ,いろは本店,"【月島】いろは 本店　創業昭和30年の老舗でいただく、創作もんじゃ！

2013年4月6日の夜、月島にある いろは 本店へ。

創業昭和30年の老舗もんじゃ店です。
地ビールの月島ビールで乾杯！

牡蠣バター
プリプリした大粒の牡蠣が5つ。
表面をしっかり焼きながらも、中はレア気味に仕上げて、
バター味でシンプルにいただきます。

さっぽろもんじゃ

http://ameblo.jp/masatoshi-utsubo/entry-11544879357.html"
100000000000 ,いろは本店,"月島にはもんじゃ店がいっぱいありすぎて、どの店が美味しい！とか比べていない私にはわかりませんが、こちらのお店でよかったことを書きたいと思います♪

それは、もんじゃにトッピングされる「チーズ」の量が多かったこと！
めんたいもんじゃにチーズとお餅はテッパンですよね♪

今回はふたりでシェアするお得Ａコース（2000円）を注文。

サラダ（2種類から選べる）
キムチ or つけもの
めんたいもんじゃ
お好み焼き
ドリンク

です。

キムチを選んで、これももんじゃに投入～！！チーズたっぷりでお餅とキムチと明太子が素敵なハーモニー♪
もんじゃ目当てでしたが、お好み焼きもふっくら焼きあがりで美味しかったです♪


#ランチ #友人・同僚と"
100000000000 ,いろは本店,"月島もんじゃの有名店。

変わりダネもんじゃや、サーロインステーキなどの鉄板焼メニューまで充実。

集煙ダクトがあるので、煙はさほど気にせず楽しめます

価格は月島のもんじゃ店として平均的といえるでしょう。"
100000000000 ,いろは本店,"大阪からマコ（仮名）の友人香里（仮名）が出張で上京、月島でもんじゃ焼きを食べたいという。
マコはRettyで検索、このお店に予約を入れた。
久しぶりに会う2歳上の香里と、マコは駅で手をとりあって喜んだ。

まずは瓶ビールで乾杯。
香里はいかげそバターと、蛸もんじゃがいいと言うのでそれを注文。
マコが大阪に在住していたころの昔話に花が咲く。

よく一緒にひらパー（枚方パーク）に泳ぎに行ったやんね。
ほんまやねー、ちょうど流れるプールができたときやったんちゃう。
新聞屋さんがくれはるんよね、チケット。
せやったなあー、懐かしいなあ。
くらわんか、いう駅前の店まだあんのん？
あるある。

もんじゃを食べるのははじめてという香里に、マコは土手を作って、
こうすんねんで、
と偉そうに教える。
得意げなマコはすでにほっぺたがふくらんでいた。

お好み焼きみたいにおなかふくれへんから、あてになるなあ、と喜ぶ香里。
そうやねえ、のん兵衛にはちょうどいいねぇ。

アセロラサワーとモヒートを追加する。
話がいっこう尽きず、ふたりでじゃがバターを焼いた。

マコちゃん、ところで彼氏は？
どっきーん。

香里はすでに結婚して子供もいるのだった。。。

彼氏かぁ…

そのとき、マコの頭の中にはトオル、パパ、真城寺鉄太郎、
亜風呂、藻火燗（全員仮名）の顔が走馬灯のように次々と浮かんだのであった。"
100000000000 ,いろは本店,"日曜夕方に来ました。

値段とボリュームのお得感は普通だけど、一品のクオリティ高い！

これぞスタンダードという感じで、月島もんじゃ初心者で、どこに行こうか迷ってる人には失敗させないと思う。"
100000000000 ,いろは本店,"月島でもんじゃはしごしました。
もん吉からのいろは。
牛すじもんじゃ食べましたー！牛すじ入れたからか甘辛い感じの味になりました。
月曜はレディースデーらしく、ドリンクとデザートが無料に！でもお腹いっぱいでデザート食べられませんでした。嬉しいサービス(((o(*ﾟ▽ﾟ*)o)))"
100000000000 ,いろは本店,"最近行ってませんが
そしてもんじゃを食べ尽くした訳でもありませんが！笑
私はここの味が好きです"
100000000000 ,いろは本店,"お昼15時くらいに行ったら、並ばず貸切状態でいただけました?
お母さんに焼いてもらいながら、いろいろお話を伺うのもまた乙ですな^^"
100000000000 ,いろは本店,"10/22訪問。
食べログ月島もんじゃランキング1位のお店ということで、期待値を上げすぎてしまったかな。
定番の明太もちチーズも美味しかったですが、もうちょっとパンチが欲しかったかも。
初めてのみそバターもんじゃは、麺が入ってボリューム満点でした。
一緒に行った外国人は、かなり喜んでいましたよ。
人気店だけあって常に満席、予約必須です。
外にも何組か並んでいました。"
100000000000 ,いろは本店,"うまかぁー

只、店員さんが営業時間分からないとか、ラストオーダーの時間も、中途半端時間、何よりも愛想がらなさすぎて悲しかった。

んー次は行かないかも。"
100000000000 ,おしお 和店,"土曜日の夜に来店しました。

混んでるかなと思いつつも2人なのですんなりとはいれました。

席の感覚はあまり広くありません。みっしり詰めている感じです。

頼んだのは
コーンサラダ 
ベビースターをふんだんに入れたサラダですが、個人的にはこのベビースターがいらないかなー(´･_･`)と。

エリンギバター
自分で作れそうな料理ですが、エリンギの質が良いのかとっても旨味があり美味しかったです。これはお勧めです！

もんじゃ焼き
こちらもいろんな具材が入りお値段もお手頃なので美味しかったです。

月島もんじゃのお気に入りです(^ ^)"
100000000000 ,おしお 和店,"もんじゃといえばこちら。
とにかく種類が多い！
この組み合わせ、美味しいの？というものから、定番のものまで！
お腹いっぱいになってもついつい変わりダネが気になって、頼んでしまいます。
食後のデザートも種類豊富！
大満足でお店を出ました(^-^)/"
100000000000 ,おしお 和店,"念願叶う！
本場のもんじゃをたべました。
色んなメニューがあって、美味しかったよ。"
100000000000 ,おしお 和店,"◆category もんじゃ焼
◆利用料金　0円（ごちそうになりましたー）
◆シチュエーション　同級生と個人飲み会
友達、家族、カップル、カジュアルデート、カジュアル飲み会

月島のもんじゃストリートにあります。

この「おしお」は人気らしく、このストリートに数店舗あります。
店舗によって、年齢層や客層に若干ちがいはあります。

幼いころから、もんじゃに慣れ親しんだ方です。同じ地区の友人とも話していたのですが、「もんじゃの味に大差はない」というのが結論です。

これはネガティブな意味ではなく、「どのお店で食べてもハズレはなく楽しめる」という感じです＾＾

具の大きさ・具の量の違い、お店の雰囲気で通いやすさが出てくるのでしょう。


このおしお「和」店は、タイミング良くすぐに入れました。

「ベビースターもんじゃ」と「海鮮もんじゃ」を頼みました。

やっぱりベビースターもんじゃを食べると安心します。

海鮮もんじゃは、ホタテ・エビなど丸ごとの具がたっぷり。予想以上に具の量が多かったのが特徴です。

お店のオススメだけあって、おいしかったです。

もんじゃに行く時は、私は、ワイワイ語らいながら気軽に食べるのが好きですね。"
100000000000 ,おしお 和店,【月島の評判もんじゃ】Rettyでも評判のいいお店、平日なのにほぼ満席、ラスト一組でギリギリセーフ！もんじゃ、お好み焼きが旨いのはもちろん、鉄板焼きも充実です！
100000000000 ,おしお 和店,"安心、安定のおしお和店に来ました。
元々はもんじゃ大好きの友人のおすすめで来店。

日曜のお昼でも並ばずに入れるし、美味しいしで、ありがたいお店?

ご馳走さまでした(*^^*)"
100000000000 ,おしお 和店,"やっぱりおしおで明太チーズもんじゃ！です。

仲間５名で訪問。
ゆっくり、焼いて、飲んで、焼きました。

そして、今回初めてプレーンの単なる「もんじゃ」を食べました。

キャベツとさきいか的な具材のみ！
ソースでシンプルに味付けると、いい感じであっさりとして、キャベツの甘みもありおいしい！もし機会あれば試してみてください～。

ソースが焼ける感じもまた、香ばしいですよ！"
100000000000 ,おしお 和店,"人気店の中では割と落ち着いた雰囲気だと思います。本店より、女性むけ。
店内は、5テーブルほど掘りごたつの座敷席があるにで、ゆっくりしたい方にはぴったりです。
定日でも、御飯時には満席のことが多いのでどうしてもという場合は予約を。

味は、全体的に、薄めなので、お好みで味付けして下さい。"
100000000000 ,おしお 和店,"大阪の知人を連れて初入店
どれも美味しいが一際輝いていたのが、明太もちチーズと海スペシャル。
お好み焼きが聖地の人間の舌でさえも唸らせたお品。
明太とチーズの組合せと、崩れにくいもちが絶妙な味わいを醸し出す。
海スペシャルは具材を細かくせず大きめで焼くのが良かった。歯ごたえと旨味が凝縮されたお品。
満足しました！"
100000000000 ,おしお 和店,"おっきな明太子がどーんとのっかっててテンションが上がります。
オススメは写真の明太子もちチーズ。店内は常連の方が多く活気があります。もんじゃは大勢で食べるのが楽しいと思いますが、そんなに広い店内ではないので、予約したほうがいいかもしれません。匂いがつくので、女性の方は衣服に注意してください。"
100000000000 ,おしお 和店,日曜日午後、行きました。ベビーカーではなかなか入れる店がない月島ですが、比較的広く、掘りごたつの座敷に案内していただき助かりました。牛すじが美味しかったです。
100000000000 ,おしお 和店,月島でもんじゃ。定番の明太もちもんじゃを注文。やはりおいしい。定番の安定感は素晴らしい
100000000000 ,おしお 和店,本場月島のもんじゃ。いろんなメニューあるけどやっぱスタンダードがうまい。やっぱ他とはちがうかな。
100000000000 ,おしお 和店,"昼食＆おやつ。


もんじゃで有名なお店ですが、デザートの
【あんこあんずセット巻き】
が一押し！


こちらは、月島周辺で数店舗を展開する、もんじゃの有名店！

…だと聞きました^^; 実は天野、ちゃんとしたしたもんじゃや、そもそも月島自体、初めてなんです。


―――――――――――――――――――――


【 あんこあんず巻きセット 】


お店のお姉さんが、クレープ状に生地を焼いてくれ、その上にあんことあんずを盛ってくれます。

これを巻いて、切ってできあがり。

あんこの甘みの後からすぐにあんずのすっぱさが！の後にまたあんこの甘みが。
トリッキーな味に味覚も翻弄。

甘み→酸味→甘み→酸味→甘み→…がだんだん収束されていってひとつになってやだおいしい！、に辿り着きます。

結構食べたあとだったのに、するっと食べちゃいました。おすすめ。


【 クロクマ君（冬季限定） 】

あの「シロクマ」の、氷がアイスになったバージョン。
黒蜜と小豆がメインのお味。

味を想像してみてください。その通りですw

ネタメニュー。


―――――――――――――――――――――


この他にも、ちゃんとお食事も頂きました。

カキバターから始まり、エノキバターやタコもんじゃ、お好み焼きなど。

だけどおそらく、これらは他のお店とそれほど変わらないと思うので（笑）、ここ特有のメニューを中心にレビューを。


ちなみに、この近辺のもんじゃは観光地価格で結構お高めだとのこと。

「もんじゃを食べるなら、かなり安い隣の門前仲町だ！」だそうです。


■ 天野おすすめメニュー ■

・あんこあんず巻きセット"
100000000000 ,おしお 和店,"具の質、量と店の雰囲気共にすごくイイ！どこも同じようなもんじゃだけど、違うなと思いしらされた。鉄板焼のお買い得クーポンあるし。さすが人気店！
【2013.05】"
100000000000 ,おしお 和店,月島の人気もんじゃ焼き店。本店はおばちゃんがゴチャゴチャうるさいのでいつもこちらに。日曜日に11:00から営業しているのがありがたい。休日の昼時にはもういっぱいに。味はもんじゃです。
100000000000 ,おしお 和店,"月島で初めて食べたもんじゃがこちらのお店でした！
もんじゃは好きなのですが、どこで食べても美味しく感じるので評価が難しい…(^_^;)
こちらのお店も美味しかったです☆

#東京・その他"
100000000000 ,おしお 和店,"もんじゃ、おしお和！
本場月島のもんじゃだー！
出汁の味がやっぱ違うなー。
明太餅もんじゃ
ベビースターもんじゃ
カレーもんじゃ
久々の月島もんじゃを堪能しました。"
100000000000 ,おしお 和店,"豊洲のららぽーと帰りに子ども3人大人3人でもんじゃストリートへ
並ぶのが嫌だったのでタイミング良く入れたこちらのお店へ
明太もちチーズもんじゃ美味しくて2度頼んじゃいました。他はシーフードカレー、ベビースター＆コーンもんじゃ、イカ焼きそば、下足焼き、五目天、サラダを頼みノンアルとは言え12000円弱は安い！
もんじゃいろんなお店に挑戦したいです(^o^)/"
100000000000 ,おしお 和店,"平日のお昼過ぎにぷらっと来ました。
でも、さすが人気店。半分くらいの席がうまってました。
大好きもち明太チーズにカリカリベビースターをトッピング。ボリューム味どっちも大満足♪
おすすめはカレーコンビーフ。この組み合わせいけますよ！"
100000000000 ,おしお 和店,数ある月島のもんじゃ屋さんの中から、食べログでも比較的評判が良く、お店も新しめで入りやすかったので、入ってみました！店内もわりと広々ときれいめです。もんじゃのお値段はふつうかな？もんじゃのメニューも、もんじゃ以外のメニューもいろいろあります！もんじゃとお好み焼きを食べて満足でした♪自分で焼くお店ですが、言えば最初だけ店員さんが焼きながら教えてくれます^^
100000000000 ,おしお 和店,月島の後輩宅訪問時にランチにもんじゃへ。後輩に店を任せたらここを予約してくれた。月島でもんじゃ、と言えばここが無難な店らしい。確かに広くて座敷もあり子連れでも入りやすく、メニューも定番から変わりダネまで豊富で安パイな感じ。定番の明太もちチーズは鉄板の美味しさ、麻婆豆腐はそのまんま麻婆豆腐の味がした、納豆入れるのも私は結構好き。もんじゃの味は濃いめ、ビールには合うと思うがお茶だとかなり濃く感じた。休日の月島、人気店はどこも満席、予約して行って良かった。伊勢丹でショコラショー飲んで月島でもんじゃ食べて後輩宅で手土産に買ってきたぼた餅食べて・・・と食べてばかりだったが甘いの辛いのいろいろ味わえて幸せな１日。
100000000000 ,もんじゃ 能登,"前々から行きたいと思っていたので、会社の懇親会に使うお店が能登になった時は小躍りしました(乂∀･)
一番美味しかったのは餃子もんじゃ。
餃子の具のようなもんじゃに、餃子の皮をカットして混ぜ込みます。
皮とねぎの触感がたまらないです(ﾉε`*)ﾉ
味がしっかりついているのでビールが進む進む。
コースだったのですが、お好み焼きが２種、もんじゃが３種、鉄板焼きが数種類に焼きそばと、盛りだくさんでした。月島の食を堪能(*´ω`*)"
100000000000 ,もんじゃ 能登,"行って参りました、人生初の月島！(((o(*ﾟ▽ﾟ*)o)))
月島よもんじゃは場所効果もあってか
非常に美味しかった！
何より、このお店はなかなか美味しいと思う(￣▽￣)
月島で、もんじゃはたべるもんじゃない、など
色々言われるが、ここは安心して行ってみて頂ければ(＾ｰ^)ノ

ちなみに、お店の前で入店を待っていると、
その日は閉めていた姉妹店をわざわざ開けて通してくれた^_^
商売とはいえ、気づかいが嬉しかった(^ ^)"
100000000000 ,もんじゃ 能登,"月島もんじゃ「能登」！ 

僕が中学生くらいまで、月島橋のたもとでハゼがよく釣れた。 
今も残る岸田屋と数軒の呑み屋、中華料理屋とパチンコ屋と酒屋、レバーフライぐらいはあったと記憶する。

月島～新富町界隈でバイトを始めた大学時代になると、もんじゃ屋さんが急激に増えていったように思う。 
その頃に、もんじゃはよく食べに行った。 

中でもお気に入りは、こちら「能登」だ！ 

もんじゃ以外にも、ホタテ貝とか鶏肉とかイカゲソとか渡嘉敷勝男とかを鉄板で焼いて食べられる。 

築地から仕入れる「鮪の中落ち」もあれば必食の人気メニューだ。 

能登の名物はすった玉ねぎを使用したもんじゃ！ 
鉄板で火を通すと、すった玉ねぎから独特の甘い香りが湯気と共に立ち上る！ 

さらに、タラコのもんじゃはデロ～ンと極太のタラコが丸々ひと腹！ 
穴子とちくわとタラコはハミ出してナンボ！が持論だ。ナンボNo5！ 

タラコのあまりの美味しさに、 
全員でちびまる子ちゃんのマネをした事は言うまでもない。 

＃もんじゃ"
100000000000 ,もんじゃ 能登,"月島もんじゃの人気店でぎょうざもんじゃ！

ぎょうざ×もんじゃ。まさかのコナモンのコラボ。ぎょうざの餡と皮が乗っかってやってくる。

餡はしっかりと味がついていて、これが美味い！お見事！"
100000000000 ,もんじゃ 能登,"人生3回目？のもんじゃ。
もんじゃの聖地月島の名店 能登にRettyの方々とお邪魔して来ました。
もんじゃもお好み焼きも美味しかったです。
餃子もんじゃもアリですね！
あと焦がしてすみませんでした(>_<)
誰かもんじゃの焼き方教えてください(>_<)切実に。"
100000000000 ,もんじゃ 能登,"古い古民家のもんじゃ屋！
大人数で行ったので?2階のお座敷！

焼き物の海鮮→鳥→牛を食べ、
定番の明太子餅チーズもんじゃ！
旨し♪(´ε｀ )

さらに名物の餃子もんじゃ♪
なんじゃこれ?超旨し(^○^)

さらにさらに?パワーアップ！
納豆キムチチーズもんじゃに?
餃子をトッピングψ(｀∇´)ψ

美味し過ぎて?びっくりしました！

最後はあんこ巻で〆て??

ご馳走さまでした*\(^o^)/*"
100000000000 ,もんじゃ 能登,もんじゃストリートと清澄通りの間の通りある古くからやっているお店。ここの二階の座敷が大好き。おばあちゃんちに遊びに来たみたいに落ち着いて、つい長居してしまう。窓を開けて秋めいた風を受けつつ、キンキンに冷えたビールを呑みながら、お好み焼きは豚、ウィンナー焼き、焼きそば、しょうがもんじゃとシンプルに。素朴な味も好き。
100000000000 ,もんじゃ 能登,"ホタテにレモン、エビシャケにバジル+ポン酢、カレー粉のオプションなどソースにプラスαがあるお陰で、サッパリいくらでもいただけるもんじゃ焼きを堪能できます。

貸し切りも出来るようなので、パーティ開催なんていいかも。店の佇まいは下町感がありそれもまた良し。"
100000000000 ,もんじゃ 能登,"地元の方に教えてもらって行ってきました☆
能登ミックスにツナをトッピングしたら美味しかった！"
100000000000 ,もんじゃ 能登,月島の中のMy favoriteもんじゃ。ほどよい感じのっぽい雰囲気と味もサービスもGood:) 満足できるお店。
100000000000 ,もんじゃ 能登,"久しぶりに月島へ
関西人の自分には、あんまし馴染みのない もんじゃ焼き
決して嫌いでなく、むしろ好きなジャンル
メインストリートの小奇麗なお店でなく、一本路地を入った雰囲気満タンのお店を探します！
で見つけたのがこちらです?(?∀?)
二階に通されると、畳の部屋で田舎の民宿みたいです（笑）
とりあえず人気ナンバーワンの餅明太チーズをオーダー
当然ながらお店のお姉さんに作ってもらいました?
小さなヘラで食べるのもエエねぇ?
餅とチーズは最強ですよね
しっかりダシもきいてて(人´∀、｀〃)｡o○(ｵｲﾁｲ♪)
ハイボールがすすみました！
もんじゃ美味し！を再認識できましたねぇ?"
100000000000 ,もんじゃ 能登,"月島のもんじゃで一番好きなお店。

商店街からもすこし離れているため見つけにくいところはあるけど、割と人が並んでいたします。有名店だしね。

私的には能登スペシャルを食べた後に海鮮親子を食べるのが通常の流れ。海鮮親子がなんというか、ちょっと洋風な感じもあって他のもんじゃと少し違ったテイストでお気に入りです。

食後はお店の外にあるファブリーズでシュッシュとちょい消臭。"
100000000000 ,もんじゃ 能登,"もんじゃの作り方をよく分かっていなかったのですが、店員さんが親切に教えてくれました。
明太子もちチーズもんじゃ？がとても美味しかったです。"
100000000000 ,もんじゃ 能登,"月島はやっぱりもんじゃ？

もんじゃストリートから裏道にある
値段も量も満足出来る隠れ名店。
月島は数多くあるもんしゃ屋の中で
裏道で地味?に営業してますが
お気に入りになりました(^^)
明太子とかデカイですな?！
チョリソーや餡子巻きまで注文して
満腹で帰宅しました(^^)

月島…まだまだ奥が深いね。
良さげな居酒屋も数多くあるし。"
100000000000 ,もんじゃ 能登,"月島はもんじゃの有名店 ”能登”へ！
季節的に牡蠣のバター焼きが食べたかったので、牡蠣とマグロの頬肉、イカゲソをまず注文！
ちょっと醤油垂らして、マジ旨いです??（≧∇≦）
そしてメインのもんじゃは、明太チーズ餅コーンにベビースター という マイスペシャルトッピングで これまたメチャ旨でした??
そして今日の〆は、あんこ巻きで??"
100000000000 ,もんじゃ 能登,ビールはキンキンに冷えてるし料理もうまい。特に生エビのお好み焼きが美味しかった！プリプリのエビ、good!
100000000000 ,もんじゃ 能登,"超?久し振りのもんじゃ！
何処に行くか？と少し考えるも、これまた
超?久し振りの能登に決定！

と言うことで、元上司、元部下と3人で受注祝い
この日は2階席の風通しの良い部屋(^^)

サワーとビールで乾杯の後、食べたのは
もんじゃ
・ミックス(能登)
・明太もちチーズ
鉄板焼き
・いか
・もやし
・えのき
焼きそば
・五目焼きそば

どれも好みの味付け(濃目)にして、
扇風機を回しながらも熱風とともに食べる(^^)

途中から、燗の日本酒に切り替わる
もんじゃと日本酒ぬる燗、意外といけます(^^)

たまにいいね、もんじゃ(^^)
これからの季節、汗かきながら食べるのが粋！
老舗だけあって、風流を感じる。


#もんじゃ
#友人、同僚"
100000000000 ,もんじゃ 能登,"出向時代にお付き合いあった方々月島もんじゃ。遠くは大阪、茨城から来て貰いました(^｡^)

ここの2階はかなり広い畳の間。全部セットされてて予約で満員みたい。

もんじゃ6種類、お好み焼き2種類、焼きそば、お新香頼んでビール、抹茶割などけっこう呑んでもひとり3000円以下！

夏場は暑そうだけど、この時期は窓全開にして風も良く通ってちょうど良かった(^_^)v

数年ぶりに会う人がいたりで懐かしい話に花が咲きました(^O^)"
100000000000 ,もんじゃ 能登,"月島もんじゃの中で超人気店です！

一時間並んで行くことができました！
他のもんじゃと比べ物にならないぐらい最高に美味しかったです。

大通りではなくて隠れ家的にあるのも好きです"
100000000000 ,もんじゃ 能登,"世界一美味いもんじゃ屋！

とにかく出汁が絶妙。
こんなにも味付けをしなくていいもんじゃ屋さんは初めてです。

また、サイドメニューのまぐろ焼の３種類（確かのど、ほほ、忘れた）も美味しいし、
バターで焼く牛タンも最高です。

２階までありますが、行く際には予約必須！

仲間と、デートで、取引先と密な関係にという際にピッタリのお店だと思います！"
100000000000 ,もんじゃ 能登,"海の幸親子もんじゃがオススメです。
シャケのもんじゃにバジルソースを合わせ、イクラをトッピングして頂きます。イクラの塩加減が効いてておいしい(*^o^*)

焼いているとバジルのいい香りがしてきますよ。"
100000000000 ,もんじゃ 能登,"月島のもんじゃロードの少し奥にあるもんじゃ屋さん。六時前なのに日曜だからか数人の行列が。

サーモンとイクラと隠し味にバジルが入る親子もんじゃが意外な発見で美味しかった！
焼きそばも麺が太麺で、食べ応えがありそうでしたー。"
100000000000 ,もんじゃ 能登,本当に久しぶりに月島でもんじゃを食べました♪もんじゃストリートから1ブロック外れてるけど、人気のあるお店。明太チーズもんじゃおいしかった～!
100000000000 ,もんじゃ 能登,夕方豊洲での仕事を終えたので月島まで来ました。老舗で評判の店とのことで入ってみました。カレー＆コンビーフ味が気に入りました(^o^)
100000000000 ,もんじゃ 能登,"Rettyで話題の餃子もんじゃ食べて来ました！
思っていた以上に餃子の味がしっかり表に出てたので、あれアリですね(^^)
お好み焼きも上手に焼けました?"
100000000000 ,もんじゃ 能登,"月島でもんじゃ。この日は明太子もんじゃとミックスもんじゃを。
焼き方が分からなかったので店員さんに聞いたら、さくっと焼きながら教えてくれました。明太子ははねるので最後に入れるそうです！あっさりしていて美味しく頂きました。
デザートのあんこ巻きとあんず巻き食べてみたい。"
100000000000 ,もんじゃ 能登,"行ったのは2号店の方だけど。
看板犬のはなこちゃんが人懐こくてかわいい。

本店はお座敷の大きい席だけど、2号店はテーブル席のみの小さな店舗。
もんじゃの種類がめちゃめちゃ豊富。
自分で鉄板で焼くんだけど、おいしくてどんどん食べられます。おこげもできて美味しい。
お好み焼きや鉄板焼きのメニューもあり。とりバターがすごくおいしかった！

お酒はビールとサワーと果実酒。
こんなお店には珍しくスミノフがありました。

こじんまりとしてアットホームな雰囲気で、友達とワイワイするのが楽しいお店。"
100000000000 ,もんじゃ 能登,"もんじゃー！
能登さんに初訪店！(´,,?ω?,,｀)
能登ミックスと、明太チーズをいただきました?うまうま！名物の餃子もんじゃは売り切れでした(*´□｀*)"
100000000000 ,もんじゃ 能登,"Rettyで人気の能登さんでもんじゃ。
ぱっと見かなり年季の入ったもんじゃ屋さん。昭和の雰囲気が漂うお店。
二階のお座敷は懐かしいおばあちゃん家を思い出しました笑

めんたいもんじゃとお好み焼きを注文。とても美味しかったです！！
餃子もんじゃなくて残念。
接客サービス良い感じです??(? ??  ??)?♪"
100000000000 ,もんじゃ 能登,"会社の納会にてお邪魔しました。
古き良きもんじゃの、名店！

海鮮親子もんじゃ(いくらとサケが入ってる)、カレーもんじゃ、納豆キムチもんじゃなど、いろんなものを組み合わせたもんじゃが美味しかったです◎

デザートのあんこ巻きに、アイスクリームをつけて食べるのが美味しかったヽ(〃∀〃)ﾉ

カードは使えないので、大人数でいくときは現金用意が必須！！"
100000000000 ,もんじゃ 能登,マグロなどを焼いて楽しみ、明太もんじゃでしめる。昔ながらの座敷で寛ぎながら、みんなでつつく食事はいい
100000000000 ,もんじゃ 能登,写真はコロッケコーンもんじゃなので、美味しそうに見えませんが、海鮮系ももんじゃもめっちゃ美味しかった。2人でもんじゃ3つと、おつまみ2つとそれぞれ2杯で3000円/人だし大満足♪
100000000000 ,もんじゃ 能登,"おばあちゃん家のような佇まいで、わいガヤで楽しくいただく！
メニューも豊富で、もんじゃ以外も充実。多勢で行って色々つつきあうのがいい。"
100000000000 ,もんじゃ 能登,"ザ、地元。
妹の友達のおうち。
実家かえったら 絶対行くもんじゃやさん。
てゆか、まちがいなく月島で一番美味しいもんじゃやさん。
極秘ルートから仕入れた海鮮はすべてその日に築地でとれたものを仕入れたもの。
初回ならめんたいもんじゃ、親子もんじゃ必須。
明太子がびっくりするぐらい大きい?
まぐろほほ肉、カルビは絶品！！
個人的には夏に食べるあさりもんじゃにねぎ、のりトッピングだいすき。ほたてレモンも。"
100000000000 ,つくしや 十八番地,"今までもんじゃ美味いと思ったことなかったけど凄い美味しかった～！
月島は店があり過ぎて、いつも適当に入ってしまうけど、また来たいです。

いつも自分で作るけど、今回は店の人にもんじゃを作ってもらったんですが、店の人がやったから美味いのか、ここの店が美味いのか・・・・・。

お作りさせて頂きまーす。って丁寧に作ってくれて、本当に美味しかったです。"
100000000000 ,つくしや 十八番地,"月島もんじゃストリート、
数あるもんじゃ焼き店の中でも
おいしい、楽しい、おすすめの一店。

今回、らくらく飲み放題つくしやコース
4，000円で訪問。

もんじゃ２品、牛サガリ串焼き、 鉄板焼盛合わせ
豚ねぎ天ｏｒ焼きそば、ごま塩きゅうり、トマトサラダのセット。
他のコースもあるけど
個人的にはこれで十分おなかいっぱいになります。

まず、もんじゃがおいしい。
焼き方のこつがわからないって方や
面倒くさいという方にもばっちり
お店のお兄さんが手際よく焼いてくれます。

特に今回いただいた中で
＜つくしやスペシャル＞はうまかった。
それ以外の鉄板焼きや焼きそばもGood！

さらに飲み放題メニューに
ホッピーがあるのがうれしい。
ローカロリー、ノンプリン体で楽しめますw

こじんまりと行くなら〝おしお本店〟なんかもいいけど、
ある程度人数が集まったら
また〝つくしや〟の飲み放題行きたい＾＾"
100000000000 ,つくしや 十八番地,"300。Rettyの力、大爆発！

もんじゃ・鉄板焼きコース出て、
呑み放題で、4000円?
耳を疑う。

箸が止まらないんじゃなくて、
ヘラが止まんない！
ヤミツキもんじゃ?
（写真無くて、ホントすいません）
インパクトではなく、虜にする
もんじゃ?

からの、牛串！
お店の人が、鉄板に乗せたそばから、「生でもイケますよ」って、
どんだけじゃい?

して、〆のお好み！
ビジュアルからアカン?
誘い具合がハンパない。
昇天…


ノムさん（呑むさん）、
ありがとうございます?"
100000000000 ,つくしや 十八番地,"つくしのこ そこのけ そこのけ あそこのけ

つくしや 十八番地@月島！
ノムさんプレゼンツのもんじゃ会！

美女と珍獣が集まり、もんじゃを喰らう会である。

4000円でホッピーまで飲み放題付き！凄いコスパだ！

そして、もんじゃだけぢゃないんだな。

牛肉やイカまで出て来て素敵鉄板焼き祭と化すのだ。

「お前も蝋人形になりてーか！」

と、デーモン小暮ぢゃなくて、ミスターオクレに言われたような衝撃が走った。

ってか、この会も定例化しません？
ノムさん？

＃もんじゃ
＃ホッピー"
100000000000 ,つくしや 十八番地,"Retty仲間20人でもんじゃパーティ＾＾
飲み放題付き宴会コース4、000円です。
ほかにも宴会コースあるけど、
この一番安いコースで十分だと思う。

ここの飲み放題メニューは
ホッピーやコロナ、焼酎の銘柄も
かなり充実してるのが
お気に入りの理由のひとつ。

というわけで乾杯で
楽しい会のはじまりです。

具だくさんのもんじゃにはじまり、
牛肉のサガリや海鮮の鉄板焼き
サラダもあって、も１回もんじゃ（もち明太）。
そして最後は焼きそばとお好み焼き。

Retty仲間はよく食べ、よく飲み、
みんな屈託のない笑顔だから大好き。
あとはよく眠ってね＾＾；

半分近くのメンバーは
前日のRetty　Nightからの2日連続の
宴席でしたが、まったく疲れを感じさせない
盛り上がり。

参加していただいた皆様
ありがとうございましたm（＿＿）m

#もんじゃ #友人・同僚と"
100000000000 ,つくしや 十八番地,"月島の「もんじゃストリート」にあるお店。
今回はノムNightで約20人で2階を貸し切ってもんじゃや鉄板焼きを楽しみました。

2時間飲み放題込で4,000円♪
そして飲み放題のメニューがありえないくらい充実してる。
コロナビールも飲めるし、八海山や黒龍も飲み放題。

焼き物は、もんじゃ2つに牛の鉄板焼き、イカと野菜焼き、最後はお好み焼きか焼きそば。やはり定番の明太餅は絶品。当然のようにお腹が一杯で全部食べきれず(;_;)

集まったメンバーも濃すぎる。
ものすごい盛り上がりを見せて、飲みホを30分延長(500円)で終了。
さすがノムさん。いい店を知っている。
ノムさん幹事お疲れ様でした。また参加者の皆さん楽しいひと時をありがとうございました。すぐにでもまたやりたい、そんな風に思わせるお店でした。
ご馳走さまでした。

#もんじゃ"
100000000000 ,つくしや 十八番地,"先日、ノムさんにお誘い頂きお邪魔しました。

皆さんとの語らいが楽しくて、写真は殆どありませんが、とても楽しい時間を過ごせました。

ノムさんと皆様へ感謝です。
#もんじゃ"
100000000000 ,つくしや 十八番地,"もんじゃ～！
月島にふさわしく、最高に美味しかった?
みんなでワイワイつつきあって食べるもんじゃ、楽しいしお酒は飲み放題、心ゆくまで堪能したら楽しすぎて美味しすぎて2時間￥4000のコースでしたが、30分延長で￥500追加?

もんじゃはお店の人が手際よくササッと、でも丁寧に焼き上げてくれます?
牛串やいか焼きなんかもあって、これがまたジューシーで美味しい！
サラダも入って飽きることなく美味しく頂けます。

お酒も飲み放題って言ってもお酒充実、飲み放題でコロナや八海山が選べるなんて聞いたことありませんw）
ホッピーから始まって…最後の最後は八海山とコロナのちゃんぽんで終了でしたw）

今回は気さくなレッティメンバーで２階貸切でw）
幹事でまとめてくれたノムさん、大変だったと思いますが、おかげでとっても楽しい時間を過ごし、美味しいもんじゃが食べれました?大感謝?

もんじゃといえば思い出すお店ですヽ(*´∀｀)ノ
またぜひ行きたいです?

#もんじゃ #夜に来たい"
100000000000 ,つくしや 十八番地,"月島もんじゃストリートにある、コスパいい店。
ノムさん主催の会で行きました。
4000円でもんじゃ、サラダ、焼物×2、お好み焼きなど一通りのコースを食べれて、呑み放題付き。
ホッピーやコロナビールも対象という素晴らしさ。
ホッピーの中多過ぎ！
もんじゃは当たり前のように美味しいのですが、鉄板焼きのサガリが旨かった！
ノムさん有難うございました！"
100000000000 ,つくしや 十八番地,月島にはもんじゃ店が70店舗以上あるとの事で、各店は競って差別化を図ろうとしている様です。そんな中で、この店はあえて観光客ではなく、地元民をターゲットにしたお店です。もんじゃ店と言うよりは鉄板焼居酒屋にもんじゃが置いてある感じ。地元を相手にしているだけの事はあり、食材は近所の築地市場で仕入れし、魚介類は唸るほど新鮮です。肝心のもんじゃは出汁、具材共にこだわってます。月島勤務なので、もんじゃ店には10数店行きましたが、間違いなくトップレベルでした。
100000000000 ,つくしや 十八番地,月島でもんじゃを食べました。定番もんじゃから変わったものまで様々な種類がありました。写真はスペシャルもんじゃですが、もつの入ったもんじゃも非常に美味しかったです。あと、牡蠣のバター焼きも最高でした。いっぱい食べて軽く飲んで1人2000円程度でお財布に優しい食事でした。
100000000000 ,つくしや 十八番地,"月島西仲通りのもんじゃ、「つくしや十八番地」で20数名規模の大宴会。2階を貸し切り???

月島でもんじゃって企画が決まった時から、ノムさんほかRettyの信頼のおけるみなさんが絶賛してた、こちらのお店に決めてました。

2時間4200円のノミホコース。結局盛り上がって30分延長（追加600円）。

粉もんは久しぶりだけど、充分堪能しました！ 

鉄板焼きも、もんじゃも、お好み焼きも、焼きそばも、店員さんが絶妙に焼いてくれるから楽チン！ 粉もんだからってどれも一緒ってワケじゃなく、ここのはホント一級品。マジ旨ッス！

ホッピーもあるし、ポン酒も焼酎もけっこう銘柄揃ってて、酒好きも大満足！

こんだけシコタマ呑んで喰ってゲーセンでおつりってんだから、幹事さんの株上がること間違いなし。

いやぁ、愉しいひとときを過ごさせてもらいました。つくしやさん、幹事さん、ありがとう！"
100000000000 ,つくしや 十八番地,仲良し3人で会社帰りに?? チーズもんじゃ、豚肉お好み焼き、海鮮しお焼きそばと飲み物を注文。チーズもんじゃは濃厚で美味しく、お好み焼きもふわふわ、でもしっかりした生地！ 焼きそばも美味しかったです。 次はコースにしてみたいなぁ！
100000000000 ,つくしや 十八番地,"Rettyでも人気のお店へ軽くモジャりに（もんじゃ焼きを食べるという意味）行ってまいりました。

懺悔します。
実は今まで、もんじゃにはまっっっったく興味がありませんでした。
だって、ぶっちゃけお好み焼きのほうがおいし…そんなコト言っちゃダメー！

でも、ここに来てもんじゃに対する価値観が変わりましたよ。
おぃおぃ…もんじゃ焼きって、めっちゃ美味しいんじゃん！！
一体、僕が今まで喰ってたもんじゃはなんだったのだ…(-｡-;

注文すると、店員のキレイなおねーさんがその場で焼いてくれます。
これが手際良くて、めちゃめちゃ上手い！そして早い！！
もんじゃ歴6年だって言ってた。
因みに僕はもんじゃ歴2?3回ですd(^_^o)
どうでもいいか。

もち明太チーズと豚カレーベビースターがオススメー♪

追伸
「ねぇねぇ、小腹が減ったからそこで軽くモジャらない？」
とか言っても、世間では全く通じませんのでお気をつけ下さい。
僕が勝手に作った造語です。"
100000000000 ,つくしや 十八番地,"お店に入った瞬間に
「なんかすぐ出てくるもの頼みましょう」だって
しょうがないからいぶりがっこと冷やしトマトを頼んだ。
この二つを頼まなければもんじゃ2枚にお好み1枚はいけたはずなのに
ブツブツ・・・
でも、いぶりがっことチーズって何でこんなに酒に合うのか
最初に考えた人にはハグしながらノーベルフードショウをあげたいくらいだから大目に見ることにした。

日本人に生まれたからには
明太子・餅・チーズ
このお店では確か餅明太チーズだった気がするが、そんなことはどうでもいい。

このお店はお店の人が作ってくれる
それも若くてとびきり可愛い女子が
その芸術的な手際に見とれて
思わず
「好きかも?」
って言っちゃった。

二枚目はもちろんカレーもんじゃだ。
それも豚カレーだ。
黒豚かどうかは定かでないが、メニューに黒豚カレーもんじゃと書いていなかったから多分白豚だろう。
色白の人に向かって「この白豚野郎」と言うのは醜い言い争いになる可能性が高いのでやめた方がいい。
夫から妻に対して「このメス豚野郎」と言うのは、プレイを楽しんでいるだけなので問題はない。

そんなくだらないことを考えているうちに出来上がったカレーもんじゃを前にやりきった感のある女子店員と記念撮影。

ここは本当にいいお店だな。
今度は大パーティで来てもっと色々食べてみたいな。
ね、ノムさん♪
#もんじゃ"
100000000000 ,つくしや 十八番地,1回は行ってみたかった月島のもんじゃ食べに行って来ました！入るとフレンドリーなおばちゃんが迎えてくれました。店内の座敷は掘りごたつでとても居やすいし、メニューも種類豊富で店員さんが焼いてくれるんですが、今まで食べてたものは何だったのかってくらい美味しかったです！おばちゃんが作ってるというキムチも辛すぎず美味しいし、特にお好み焼きのふわふわ感はたまらなかったです！あ、もんじゃは言うまでもなく美味しかったですよ(^^)さすが人気店なだけはあるまた行ってみたくなるお店でした！ #キャンペーン
100000000000 ,つくしや 十八番地,"月島もんじゃ！

数あるもんじゃ店の中で
人気だと言うつくしや。
いつものメンバーに1人プラスで
本来のフルメンバーで訪問(^^)
スペシャルもんじゃ
餅たらこもんじゃ
しそワサビ？もんじゃ
海ぶどうとゴーヤが入ったサラダ
イカバターとホタテバター
イカ塩からポテト？
どれも美味しかった?(^o^)

たま?に食べたくなる月島もんじゃ
満腹です。ごちそうさまでした♪"
100000000000 ,つくしや 十八番地,"ビジュアルに焼く前から涎が…(笑)
食べる前からワクワクだー！

Rettyで大人気のもんじゃ焼き屋。
皆さんの投稿でとても気になってました。

飲兵衛仲間と4人で来訪。
土曜とあって19時前で1組並んでました。

もんじゃ3品、焼き物2品、サラダ1品を注文。
中でも印象に残ったのは下記。

??しそわさびマヨもんじゃ@1100円
ビジュアルからして惚れ惚れだし、
はじめての味わいだよコレ！
初めシソ風味?マヨのマイルドな味わい?
後味ワサビのツンとくる感じ。
まろやかなのに爽やか。
ヘラが止まらない(*^_^*)パクパク！

??じゃが芋の塩辛バター焼き@700円
まさにつまみにピッタリな感じ！
ポテトと塩辛って最高の組み合わせ。
バターで塩辛が香ばしくマイルドな味わいに。
味が濃ゆいから、酒がすすむ(*^_^*)

あーどれも美味しかった！

お会計はひとり1?2杯と
お腹いっぱい食べてひとり3000円足らず。
思ったより安かった！

一捻りな感じの、そそられメニューが
多かったなぁ(*^_^*)
もんじゃは薄味な感じで素材の味を
生かしてる感じだった。

毎回店員さんが丁寧に
焼いてくれるのが有難い。
感じも良かったし(*^_^*)

また伺います。"
100000000000 ,つくしや 十八番地,"職場でうちわの歓迎会にもんじゃで盛り上がろうとRetty人気マーク付きのこのお店を予約してもらって行ってみました。

2時間飲み放題付き4200円のコース。
もんじゃや鉄板焼きは店員さんが手際良く最適に焼いてくれます。美味しく食べて飲んで騒いでいれば良いのでこのサービスは楽チンでした。

飲み放題のメニューが豊富なので年齢層や好みが分かれてもカバーできるのが良さげです。

帰りに福引券を1人2枚もらったので福引会場で運試し。500円券が当たったので近いうちに月島また来ます。


#月島"
100000000000 ,つくしや 十八番地,"オランダから来た友達がオランダ。
去年も同じ書き出しをしました。覚えてますかー？覚えてないよね(･･;)

オランダ帰りの友達には、日本の再発見をして貰わねば！ということで月島 もんじゃ つくし屋！

明太チーズ
味噌バターコーン
おろしそ
イケイケ モツとかにんにく
の4つがもんじゃ

豚天
いかだらけ
がお好み焼き。

すげぇ美味しいね。もんじゃなめてた。香ばしくてたまらない。

焼いてくれるのも最高。
多分自分じゃこの味は無理だな。

やっぱレッティ人気店は間違いないね！"
100000000000 ,つくしや 十八番地,"月島でもんじゃをということでRettyで人気のこちらのお店にお邪魔しました！

日曜の15時と中途半端な時間でも混んでました。もんじゃは店員さんが1つ1つ焼いてくれてベストな状態で食べれます！自分で焼くのも楽しいけど美味しい方がいい。

味はもちろん、ちょっと面白い変わり種もんじゃがある所と酒飲みにも嬉しいサイドメニューが充実しているとこが人気の秘密でしょうか?

・しそわさびマヨもんじゃ
・豚キムチ
・つくしやスペシャル
     ソースが効いてて美味しかった
・いかだらけ
     イカスミが入っていて何だか洋風な味

ビール:ラガー"
100000000000 ,つくしや 十八番地,"もんじゃを食べに行ったのに、もんじゃの写真を撮り忘れる失態… あまりにも美味しそうだったから…
1人3000円でもお腹いっぱいになるコスパの良いお店かと！
美味しかったので、月島に来たらここ！と決めました！"
100000000000 ,つくしや 十八番地,"もんじゃも美味しかったけど、お好み焼きもとても美味しい！娘も喜んで食べました^^

店員さんが上手に焼いてくれます。またリピートしたい。"
100000000000 ,つくしや 十八番地,人生初もんじゃを食しました。食わず嫌いと言うわけでもなく、今まで機会が無かっただけですが…Rettyでのレポを見るとスタッフが作ってくれるとのことで安心。まずは「もち明太チーズ」をオーダー。興味津々な視線にも怯む事なくスタッフのお姉さんがチャキチャキ作ってくれ、ちょっとした会話もそつ無く対応してくれて楽しい雰囲気を演出してくれます。青海苔をかけて、いざデビュー。う、うまい！キャベツ、明太子、餅、チーズをダシが纏め紫蘇が良いアクセントになってます。アッと言う間にたいらげ、続いて「豚カレーベビー」こちらも作ってもらってる時から香りが堪らん…ベビースターのカリカリが良い食感ですね。何で今まで食べる機会が無かったんだろう？とにかく至福でした。嫁と2人、ドリンク1杯ずつで3500円。コスパも良いですね。他にも鉄板焼系のメニューもあり…こりゃ再訪確定だな(^_^)v
100000000000 ,つくしや 十八番地,"人気のもんじゃ2種に鉄板焼きや
やきそばorお好み焼きあたりの料理に
2時間飲み放題も付いて4,200円。
店員さんが焼いてくれて手間いらず。
宴会コースが充実のもんじゃ焼き店。

月島で会社の宴会。
幹事にいくつか候補のお店を提案し、
選ばれたのがこちらのもんじゃ。
宴会利用は公私含めもう4回目だ。

何と言ってもこちらが宴会にいいのは、
飲み放題付のおいしいもんじゃコース。
今回は120分4,200円のコースだが、
150分4,500円のコースもオススメ。

もんじゃ焼き歴10年の店員さんが
最初に焼いてくれたのは
＜つくしやスペシャル＞。
エビ、イカ、ホタテなどの魚介類に
豚肉もミックスされてる。

合間に＜トマトサラダ＞も摘みながら
飲み放題でたのんだホッピーが
無茶苦茶ススむ。

最初のもんじゃの後、鉄板では
イカと野菜の＜鉄板焼き盛合せ＞、
そして＜ソーセージ盛合せ＞が
手際よく焼かれ食べ進める方が大変。

＜ごま塩きゅうり＞で一息つくはずが
すぐに次のもんじゃが焼かれる。
2つめは＜もち明太子チーズもんじゃ＞。
定番のひとつながらやっぱり旨い。
ナカ焼酎のおかわりが止まらない。

そしてこの後、＜焼きそば＞か
＜お好み焼き＞かを問われ、
隣のテーブルとで両方たのんで
みんなでシェア。
とにかく食も話も盛り上がる。

今回のコースはここまでになるけど
300円プラスのコースは、これに
＜牛ハラミステーキ＞なんかも付いて
150分の飲み放題。これが素敵。

さて、おなかもいっぱいになったし
ホッピーもいっぱい呑んだから
1次会でドロンさせていただこう。

#もんじゃ"
100000000000 ,つくしや 十八番地,"土曜日14時過ぎ来店。
前日に予約の電話をすると本日はいっぱいの予定とのこと。願いながら食べに行くと、本日開催の縁日のお陰なのかお客様一組のみの状態。
あまりにも空きすぎていたので、口コミがなければ恐らく入らなかっただろうな…

つぶ貝、牡蠣のバター焼き、豚トロなど焼き物と、明太子もんじゃ(べビスタのせ)をオーダー。

当方、初めて月島のもんじゃを食べに来たもので、
どんなものなのだろうとワクワクしながら
まずは焼き物。
豚トロにわさび！大葉！
牡蠣のジューシーさがたまらなーい( ´∀｀)

ビールをひとつ、ふたつ。
すべてが美味しすぎて昼間からアホほど飲んでしまった(´・ω・`)

そして！メインのもんじゃ！
連れおすすめの明太子にべビスタ！
すごい組み合わせと思っていたけれど、これは…なかなかにうまい。ビールがすすむ。
酔いすぎて写真を撮ることを忘れる始末。

友人、東京に住んでいてくれてありがとう。

初の月島もんじゃがここでよかった。
また東京に来る機会があればいきたい(ノ´∀｀*)"
100000000000 ,つくしや 十八番地,"コースでお願いをして2.5時間飲み放題でした。
お酒の種類も豊富で、とても良かったです。

全てお店の方が作ってくれるので、お客さんと行っても慌ただしくならず、ゆっくりできて良いです。

味も良く、また行きたいと思います。"
100000000000 ,つくしや 十八番地,ノムさん会！楽しかったです。もんじゃは久々でしたが、やっぱり美味しかったです。
100000000000 ,つくしや 十八番地,"今日は久しぶりのもんじゃ。
ハラミステーキとつぶ貝バター焼きからスタート。もんじゃは普通、お好み焼きはかなり美味いです。
焼酎も品が多いので、のんベーもＯＫ。
閉めは高菜チャーハンを戴きました。
大人数で月島レビューとしてはいいお店だと思います。"
100000000000 ,つくしや 十八番地,"月島もんじゃ！
大阪のいとこがもんじゃ焼きを食べたいと言うので行ってきました。

定番の明太子もちチーズ。
もんじゃデビューのいとこも美味しい～と好感触でした♪
でも、このお店、牡蠣バター･ホタテバター･ハラミステーキ(^^)と一品焼きが新鮮でとーってもおいしかったんです！
接客も丁寧で大満足です
また変わり種を食べにきます。ごちそうさまでした～"
100000000000 ,つくしや 十八番地,"月島のもんじゃストリートで迷った結果、こちらに入店。
「つくしやスペシャルもんじゃ」と「もち明太子チーズ」をいただきました。
店員さんが作ってくれて美味しくいただきました^_^
ノンアルコールビールはオールフリーがあったが、ジョッキで出してくれるので嬉しいと言っていました。"
100000000000 ,つくしや 十八番地,"もんじゃストリートの一店、つくしや十八番地。
特徴は居酒屋メニューが豊富。（頼んでないからわかんないけど、\800前後少し単価は高め）あとは味的には、味付けが薄味というか、もんじゃ行くといつも喉が渇くのだけど、ここのもんじゃはそうでもなくて、心地よかった。つくしやスペシャルは間違いない。カレーエビマヨは美味しいけどマヨで少し飽きた。大勢ならいいかも。あと、店のお兄さんお姉さんの接客の雰囲気が馴れ馴れしすぎず、明るく元気で今までで一番いい感じ。
人数多めのときは是非ここの飲み放題を利用してみようと思う。
【2014.07】"
100000000000 ,つくしや 十八番地,月島もんじゃのRetty人気店の中では、ここがわりと空いてた。店員さんが焼いてくれる。焼き物もおいしい。
100000000000 ,つくしや 十八番地,"再訪♪
今日はもんじゃ好きの母の喜ぶ顔を見るために。定番(めんたい餅チーズ)と変わり種(秋一番？)とハラミ･牡蠣のヤキヤキ。
ははは、ハハハと喜んでくれ、おなかも気持ちも満足満腹(^^)ごちそうさまでした～
自分でも焼けますが、焼いてもらえちゃうのが良くてついつい来ちゃいます。いつもありがとう☆"
100000000000 ,つくしや 十八番地,"現在、月島にはもんじゃ焼き屋が120軒位あるんでしょうか。
その中でもダシが効いたトップクラスの味ではないかと思います。
もんじゃ焼きだけでなく、お好み焼き・海鮮物・肉も美味しいです(仕)。"
100000000000 ,つくしや 十八番地,夕方行ったら満員でしたが もつの味噌煮込み最高に美味しかった 連れも皆絶賛 鉄板焼きで肉含め ジャガイモバター塩辛などつまみに最高です もんじゃも種類楽しめ 味噌ラーメンのもんじゃやカレーなど美味しくてお代わりしました。焼きそばも野菜たっぷりでボリュームありました。若い頃食べたきり、10年ぶりに行きましたが、こんなにもんじゃ美味しかった？
100000000000 ,つくしや 十八番地,"月島でもんじゃを頂く時はいつもこちらのお店、『つくしや』。

店員さんが丁寧に焼いてくれる美味しくて楽を出来ます。

一品も充実。

ベビースター入りのカレーもんじゃは絶品。ビールが止まらぬ味。

もんじゃはあまり好きではありませんがこちらのお店は時々行きたくなります。"
100000000000 ,つくしや 十八番地,"祝日のランチ訪問。
さすがに賑わってました。

つくしやスペシャルもんじゃ
明太もちチーズもんじゃ
えのきベーコン巻き
ポテト塩辛
さきいかキムチ

をオーダー。

もんじゃはすべて軽快なリズムで作ってくださるので楽チン?

久々のもんじゃ美味しかったです。"
100000000000 ,つくしや 十八番地,"月島にもんじゃ屋さんは数あれど、なぜかいつもここに来てしまいます。メニュー豊富で、どれもハズレなし！
今日は店員さんオススメの、北海道産ホタテをいただきましたが、あまりのデカさにびっくり！直径10センチ以上はあったでしょうか？感激のビッグサイズです。

しかも、こんなに旨み濃厚なホタテ、初めてでした！

1個900円。季節限定だそうですので、気になる方はお早めに。

あ、もんじゃはカレー納豆 チーズトッピングがお気に入りです^_^"
100000000000 ,つくしや 十八番地,"月島 もんじゃ
夕方おなかが空いた?と 月島へ。
美味しかったです。ちょうどいい感じに作っていただいたのを ふーふーハフハフ食べました。"
100000000000 ,つくしや 十八番地,"たまにはもんじゃでも食べますか？ということで月島。
近所に住んでるのに滅多に来ない街w
Rettyで見たらここが美味しそうなので覗いてみたら、ちょうど空席が一つ。
「豚カレーベビーもんじゃ」美味い！
店員さんが手際よく作ってくれるのもウレシイし、味付けとかコゲの感じが本当にいい感じで、ここだったらたまにはもんじゃを食べてもいいかな？と思ってしまう。

他にも色々と食べてみたいメニューがたくさんあったから、今度は４?５人で行きましょう。"
100000000000 ,つくしや 十八番地,"「月島もんじゃしようぜ！」と部活の同期グループで突入。もんじゃストリート屈指の美味しさだとか。(事実でしたよ！)

築地が近いからか海鮮メニューが豊富！！ぷりぷりのほたてをほぼ生でバターと絡めていただいたり、もんじゃ以外もたくさん堪能できました(*´Д｀*)

今回はお酒はなしだったけど壁にたくさん焼酎があって楽しい(｡・・｡)

わいわいできるお店で美味しい、学生グルメ人のお財布に優しいお店でした！笑
次はお肉も食べたい……！"
100000000000 ,つくしや 十八番地,"花火の後、もんじゃでも食べようかとフラッと入ったお店。
もんじゃ、数年ぶりに食べたけど美味し??

子供リクエストのもちチーズ明太がヒット！！
ベビースターカレーも美味しかった♪

店員さんが焼いてくれるので、ラクチン☆"
100000000000 ,もんじゃ 来る実,"月島もんじゃのお気に入り店。

定番の甘エビもんじゃは卵付き甘エビのミソをスープへとかすため、エビの旨味や風味を感じられる外せない一品。

小さい店だからこそ行き届くサービスも温かい。"
100000000000 ,もんじゃ 来る実,ツナとトマトのもんじゃ。焦げているところとそうでない所を食べる二重の美味しさを堪能できます！
100000000000 ,もんじゃ 来る実,名物甘エビもんじゃは絶品！お店の方に焼いていただくと甘エビの頭まで美味しくいただけます！こじんまりとした裏路地もんじゃのお店です！
100000000000 ,もんじゃ 来る実,"月島でのもんじゃはここばかり。
甘エビもんじゃがサイコー?です。
頭をカリカリに焼いたのが美味です。
写真にはないですが、こんにゃくのバター焼きも定番に頼みます。
カキはシーズンなので注文しましたが、プリップリでした。
席数が少ないので、早めに行くのがオススメですよー。"
100000000000 ,もんじゃ 来る実,"人気店。席数も少ないので予約した方が良いです。
とにかく『甘えびもんじゃ』を食べるべし！！

月島で一番好きな店です。"
100000000000 ,もんじゃ 来る実,"ネットで検索して行きました！
検索で出てた甘エビもんじゃ海老の旨味がたまらないです、エビね頭と尻尾も美味しく焼いてくれるので余すところなく美味しかった！"
100000000000 ,もんじゃ 来る実,"甘エビもんじゃが美味しいと評判。暗い路地裏にある小さな店なのにいつも混んでいる。甘エビの頭の部分は鉄板の端っこでよく熱してガリガリと食べることができてこれまた美味。もんじゃは、食べながらだらだら飲みができる偉大な食べ物であることを発見。
#もんじゃ"
100000000000 ,もんじゃ 来る実,"【月島の""路地裏""でもんじゃと""スイーツ""あんこ巻きを堪能】
月島には、70店舗以上もんじゃのお店があるわけなのですが、その中で常にランキング上位に入るお店「来る実」。正直もんじゃって、どのお店もそんなに差がある感じがしないのですが、上位に入るお店には理由があるわけで、このお店の売りは「甘エビもんじゃ」と「あんこ巻き」です。

今回残念ながら「甘エビもんじゃ」は食べれなかったのですが、食後の後の「あんこ巻き」は、もんじゃの後のスイーツとして美味でした。コスパも、味も、お店の対応もよし。非常にバランスのとれたもんじゃの良店です。あー今日も、美味しいものごっつあんです！"
100000000000 ,もんじゃ 来る実,"時々食べたくなるもんじゃ。
甘エビもんじゃが美味しいお店！！
締めには抹茶の生地であんこを包むクレープみたいので。"
100000000000 ,もんじゃ 来る実,数あるもんじゃ屋の中で ここは 甘エビもんじゃが売りのお店 大きめの甘エビが載ったもんじゃ 頭を脇でかりかりに焼いて食べる 味噌入った甘エビもんじゃ とても美味しい
100000000000 ,もん吉 本店,"月島のもんじゃ焼き。

16時頃に入店したにもかかわらず、店はほぼ満席。
人気店なんですね。

とりあえずビールを頼み、どれにしようかと店の壁にあるメニューを眺めてましたが、メニューの多いこと。
そして、数多くの芸能人が訪れているらしく、壁にはたくさんのサインや写真が飾ってありました。

とりあえず、具沢山の「もん吉スペシャル」をオーダー。
店員さんが焼いてくれます。

続いて、「明太子もちチーズもんじゃ」、「豚キムチイカもんじゃ」、「ベビースターもんじゃ」をオーダーし、結局4種類も食べてしまった。

そして最後は「あんこ巻き」でしめました。"
100000000000 ,もん吉 本店,月島の美味しいもんじゃ屋さんです。お店の方が華麗な手さばきで作ってくれるのも嬉しい♪ 写真のオムライスもんじゃ、明太もちチーズもんじゃ、豚カレーもんじゃなど、全て美味しかったです(*´ω`*)
100000000000 ,もん吉 本店,ベタですが月島のもんじゃ焼きにつれていくわ?って言う人は必ずここに連れて来てくれます。有名店ですがもんじゃ焼き初心者の私はいつ行っても美味いです。関西から家族が来て連れて行きましたが、東京で食べたもので一番美味しいって言ってました（笑）
100000000000 ,もん吉 本店,"もんじゃと言えばここ！
店内は芸能人の写真とサインがびっっしり！
値段が少々お高いですが、ここのもんじゃを食べたら他で食べれません。
おすすめは、めんたい餅チーズ！"
100000000000 ,もん吉 本店,安い、美味い、…。久しぶりのもんじゃ。豚トロや牡蠣焼きを食べても、一人3000円。コスパ、最高やな。
100000000000 ,もん吉 本店,"月島でもんじゃ焼き。
店員さんがとても手際よく焼いてくれます。
いままで何軒か月島のもんじゃは食べたけどダントツに旨い。
なにが違うんだ？だし？焼き方？"
100000000000 ,もん吉 本店,"久しぶりのもん吉、改めて、再認識！

バリウマ×3

定番のもん吉スペシャルのお出しの味ではじめて
続いて、明太子もちチーズ
そしてチゲ鍋もんじゃ
最後は、パンチのあるカレー豚もんじゃ

〆は、あんこ巻き、うまし、満足!!"
100000000000 ,もん吉 本店,"もんじゃって、そこまで美味しいとか思わなかったけど、ここは美味しいかったー(^^)
焼いてくれるのがいいね☆
お好み焼きもフワフワで美味?

月島はここに決めた????"
100000000000 ,もん吉 本店,"うますぎて写真撮るの忘れわした笑
店内は芸能人の色紙だらけ！
裏路地にあるのでわかりにくいですがぜひ！"
100000000000 ,もん吉 本店,"昼もんじゃ！

もん吉スペシャルと
明太もちチーズでテッパン!!
(〃^ー^〃)"
100000000000 ,もん吉 本店,"もんじゃは美味しいなー@月島

もん吉さんはメインロードからちょっと入った路地裏にあります。

店内は賑やかで店員さんもテキパキしてて◯

注文したものもあっという間に出てくるのでさらに◎

また行きまーす(^o^)/"
100000000000 ,もん吉 本店,餅、明太、チーズとミックスと焼きそば。4550円。たまたま時間が空いたので、月島でもんじゃをいただきました。暑い中、鉄板を前に焼くもんじゃは、とても美味しいです。焦げたところが、美味しいんですね。久しぶりに、ちゃんと焼きそばもいただきました。どういう意味か？それは食べてみればわかります。ごちそうさまでした。…東京の下町の美味しい店には、必ず、渡辺謙さんのサインがある。
100000000000 ,もん吉 本店,ワイガヤな感じでやや狭いです。いろんな種類のもんじゃがあって、他の店よりかは盛り上がってる印象。
100000000000 ,もん吉 本店,主人はもんじゃ焼き大好きです。今迄いろんなところのもんじゃ焼きを食べました。ここは一番です。主人も絶賛連発！店員さんもみんなプロフェッショナルです。手際良くつくってくれますので、外国人も気軽く食べられます。
100000000000 ,もん吉 本店,"ここに来ると確実に食べるめんたいもちチーズ。
デザートは抹茶あんこ巻きー?"
100000000000 ,もん吉 本店,もん吉、月島に数多いもんじゃ屋の中でもダントツうまし。店員さんの焼き方もプロって感じで見ていて楽しい?
100000000000 ,もん吉 本店,常に賑わっていて活気のあるお店！何と言ってももんじゃは「もん吉スペシャル」がオススメです！魚介にお肉に麺もはいってボリューム満点でとっても美味しいです！
100000000000 ,もん吉 本店,"みなさんの投稿に違わず、美味かった(^^;;

明太餅チーズは、お酒のあて、って感じで、ビール&チューハイがめっちゃ進みます??"
100000000000 ,もん吉 本店,"明太もちチーズもんじゃ、最高！
なんでもんじゃに明太子がこんなにも合うんでしょうか。
兎に角美味い！

しかも、もんじゃのみならず、お好み焼きもかなりいけます。お好み焼きの方がレベルが高いかも。
外はカリカリ、中はふっくら、大阪のお好み焼きよりも軽い感じでこれまた美味！

裏路地の広いあ店よりも通り沿いのお店の方が良いです。裏路地のお店は、バイトの子が多く焼き方がマチマチなんです。

その昔、ブラピも来たみたい。

オススメのお店です。"
100000000000 ,もん吉 本店,"【みんなでワイワイ】
みんなで、というお店でしたが、仕事関係の方と２名で行ってきました。
わたし、美味しくないお好み焼き・もんじゃを食べた経験がないもので、基準がよくわからないのですが、本場の関西人が「美味いな」と言っていたので…きっと誰にでも満足してもらえると思います。
ちなみに店内は「集会所？！」と思うほど広かったですが、限りなく満席でした。
全部入りお好み焼きと、チーズ明太もんじゃをオーダー。満足満足。"
100000000000 ,もん吉 本店,新年会で訪れました！店は歴史を感じる佇まいですね。凄く美味しいです。
100000000000 ,もん吉 本店,"2015.02.17 12:20
◎月島もんじゃ焼
??場所 東京都中央区月島

??前置き
今日は春節の休みを利用して東京観光にやって来ました。
ランチは先ず築地と思っていましたが、お店は2時までと言うことで、第二の目的グルメの「もんじゃ焼」を食べにやって来ました。
このお店は息子夫婦一押しのお店で、やって来ました。

??お店について
もん吉さんは路地表と路地裏とふたつのお店があり、息子夫婦推薦の裏路地のお店にしました。
店内は

??味の評価
①もん吉スペシャル 1,500
 評価 ★★★★☆
 もんじゃ焼のびっくり、最初はこんなもんかと思いきや、火を止めてお焦げが出来始めてから、旨さが徐々に増して来ました。

②デラックスカレーもんじゃ 1,600円
 評価 ★★★★☆
 店員の方からカレーもんじゃを薦められ食べてみたら本当に美味しかったです。

関西ではあまり食べる機会の無い、もんじゃ焼、満足しました。
ご馳走様でした。

#もんじゃ焼き
#月島
#東京都"
100000000000 ,もん吉 本店,"行ってきました(*^^*)
月島のもんじゃ屋streetって
ものすごい激戦区ですね！

同じ店が店舗を拡大して
street内に何軒もあって
チェーン店同士も競ってる？

でもこの「もん吉」さんは
控え目に、路地裏で一見
地味に営業されていて

でもお店の前の色紙を見れば
沢山の芸能人の方も食べに
来ていて店内はほぼ満席でした！

ここに決めたのは
ホットペッパーのクーポンが
ついていて、宴会じゃなくても
使える
「あんこ巻き  500円」を
いただけたからです。

いただいたのは他に

もんじゃベスト10中、
第４位の
「カマンベイビー」1500円

お好み焼きは
ベストテン内にはなかったけど
定番のぶた玉  850円

率直な感想
「もんじゃ、高っ！」

美味しくておかわりしましたよ(*^^*)

ただ、お財布には
優しくなかった(´°????????ω°????????｀)


小5の食べ盛りな娘と二人で
もんじゃ２枚
お好み焼き1枚
ソフトドリンク３杯で
4910円というのは

前日にディズニーで
散財したあとということもあり
美味しかった満足感と
お財布がやせ細った喪失感
ハーフアンドハーフでした。

でも、嵐の相葉くんが
来店したことがあるみたいで
その時の雑誌の切り抜きが
色紙と並んで貼ってあったのは
私にはプラス効果大でした(*^^*)

もう一つ
ここのお店で好印象だったのは
４人の個性ある店員さんが
代わる代わる席を周り、
注文を聞くだけでなく
もんじゃを焼くのを手伝って
くれるそれが４人とも
揃って程よい距離感で声を
かけてくれるので、
１枚目は焼いてもらい
２枚目は焼いてもらわなくていい
と言いやすかったです。

月島はなかなか行かないので
次は何年後に来れるか
分からないけど、その時まで
相葉くんの切り抜きがあったら
浮気せず、もん吉さんに
行こうかな。"
100000000000 ,もん吉 本店,もんじゃ旨い！しかし、混ぜる前の土手段階で撮らないと全部同じだな、、、反省(ｰｰ;)ベビースターもんじゃと納豆もんじゃなり！やはり、一押しは納豆もんじゃだな！(^^)
100000000000 ,もん吉 本店,"ランチに、もん吉に友人と訪問しました。
チーズ明太子もちもんじゃが美味しかったですよー。
もんじゃ焼きの他にメニューが沢山あり、しかも雰囲気が良いお店で、女子会、デートで楽しくワイワイしながら食べるのオススメです"
100000000000 ,もん吉 本店,"日曜日の11時少し過ぎた時間に入店しました。
すでに、5組くらいのお客さんがいて、12時過ぎにはほぼ満員になっていました。

店内に貼ってあるランキング表の1と2位にランクインしている、もん吉スペシャルと明太子もちチーズもんじゃを注文。

お願いすれば、店員さんが手早く焼いてくれて、食べている間も火加減の調節に来てくれました。最後のおこげまで、綺麗にヘラで集めてくれて、ありがたかったです！

手際が良くて、無駄のない接客が好印象でした^_^

もんじゃの味も良かったし、また来たいと思いました。


ちなみに、本当は開店前から行列ができる人気店に行こうと思い、開店前から一番のりで並んでいたのですが、開店準備をしているスタッフが、お客がいる前でお店のスタッフの愚痴を言いながら仕事をしていて、すごく嫌な気持ちになり、お店を変えました。

いくらもんじゃが美味しくても、気分良く食事ができなかったら、台無しですからね(´･_･`)

その点、こちらのお店のスタッフの方は、好感が持てました。"
100000000000 ,もん吉 本店,"もんじゃは2軒目でも使えます。
軽いのでサクサクお腹に入っていきますよ?。
味は濃い目に感じましたが、お酒に合う?。
ワイワイ楽しみたい時に！"
100000000000 ,もん吉 本店,"東京のB級グルメと言えばやはりもんじゃかと。明太もちチーズが定番だけど、写真のオムライスもんじゃが最近はまりの一品。チーズとトマトの相性は間違いないし。後、醤油味で食べるあさりもんじゃもおすすめ。


 #B級グルメ3 "
100000000000 ,もん吉 本店,"不定期開催の元同僚の集い。今回は6人で。

満員だし鉄板の熱もあるしで汗だくになりながら6種類のもんじゃ、牡蠣バター、焼きそば、あん巻き等々を。そりゃビールも進みます。

店員さんの手際の良さを見てるのも楽しいし、味も美味しいし、大満足でした☆"
100000000000 ,もん吉 本店,"先日、大阪の友人が遊びに来たので、やっぱり東京名物でしょ？！ってことになり月島のもんじゃに行きたいと言われ検索。
私も正直月島には1回しか行ったことなかったんで、色々調べてこのもん吉がメニューも豊富で人気があるとのことだったので予約して行きました！

いや?予約して大正解でした(^ー゜)b
夜のピークの19時ということもあり本店も別館も満席でした。

で、定番の明太子もちチーズともん吉スペシャルをビールと共に完食！！
もんじゃは作ってもらったんですが、まぁ店員さんも手際よくあっという間に作ってくれて、
大阪の友人も「お好み焼きとはまた違う食べ物やなぁ?！めっちゃ美味しかった！」と大満足でした。

ぜひまた行っていろんなメニューを食べてみたいなぁって思いました。"
100000000000 ,もん吉 本店,"路地裏もんじゃ

月島は近いので、よく来るような、そうでもないような…

今日は、なんとなく、道を外して入ってみましたが…大正解でした。
好みにぴったりでした。
どこも同じような、出汁が違う良いな…
ここだ！
が、見つかってませんでしたが…
はまりました。
今日ははまりました。
うまい！

最後にいただいた、梅干しもんじゃ…めちゃくちゃ美味しい！
癖になりそう、再訪決定です！
(^_?)?☆"
100000000000 ,もん吉 本店,"写真が全然美味しそうじゃない….w
芸能人たくさん来てるらしい月島のもんじゃ屋さん。

店員さんの愛想は全然よくないけど笑、味は美味しかったです(((o(*°▽°*)o)))
おやつ的な感じでペロリと頂きました！

キノコのバター焼きも美味しかったー??(?ω?*)??"
100000000000 ,もん吉 本店,"中４日で訪問。先日、お世話になっている上司に連れて行って頂きました。
Rettyに載せたいが為の再訪問です（笑）。
注文したのは前回と全く一緒で「明太もちチーズもんじゃ」にベビースターのトッピングと「チゲもんじゃ」。
ベビースターのトッピングは、先混ぜか後乗せが選べます。追加注文のチゲは、もんじゃの味を変えるのにオススメです。カレーでも良いかもです（気になる）♪
もんじゃって大人数で数種類頼んでみるのも楽しいですよね♪。
東京発祥の食べ物、もんじゃ。堪能しました。
ご馳走様でした♪"
100000000000 ,もん吉 本店,"月島もんじゃデビューは、ここだった。
初めての月島！っことがあったにしても、感動したな。
その後も、でも同じようにあったかく美味しいと感じるから、美味しいのです。"
100000000000 ,もん吉 本店,"【もんじゃストリートの裏路地にあるもんじゃ屋】
外観がとても綺麗で、外にはミニサイズの神輿があったり屋根瓦だしいい感じ。内観は清潔感があり女性客が多いかも。

店内には有名人のサインが山ほどあり、もんじゃやお好み焼きの人気ランキングが張ってあり、トッピングには何が入ってるか書いてあり分かりやすい('ω')ノ

人気No3の「チゲ」をオーダーすると、もち・キムチ・豚肉・焼き豆腐そして卵とご飯。ご飯ってなんだ！と思いながらガツガツと制作。キムチの辛さと酸味、豚肉の脂が効いてて旨かったな～。ご飯ももんじゃの焦げとお米の焦げでパリパリサクサクでウマウマ。

トッピングでガラッと色を変えるもんじゃ。もっと色んなトッピングで味比べをしてみたいな～"
100000000000 ,もん吉 本店,"東京に就職した息子、東京の大学に進学した娘と食事会。とても美味しくいただきました。
また、来たいと思います。"
100000000000 ,もん吉 本店,"上京した際「もんじゃってこういうもの」を知りたくて行きました。お店沢山あって何処がいいのか悩む…でももん吉さんで多分大正解。おいひー！と涙目で生ビールぐびぐび。ホタテ、餅、チーズがこんなに美味いなんて！
福岡で食ってたもんじゃ、あれはもう嘘嘘、本物は塩気が控えめだからソースプリプリかけても美味しいんだ。私の中で今後東京来たらもんじゃ必須に今なったな、と感じた瞬間です。友人チョイスの明太もんじゃは私にはちょい塩辛かったかな。ダシ旨さ？魚介旨さ？がたまんなかったです。恐れ入りました。ホタテとかでっかいの使用されてる為かお値段はお高め。でも大満足ー。"
100000000000 ,もん吉 本店,もんじゃ、お好み焼き、鉄板焼き…どれも美味しくワイワイ頂きました！店員さんの手際の良さに感動♪あんこ巻きも、とっても美味しかったです?
100000000000 ,もん吉 本店,"上京した際「もんじゃってこういうもの」を知りたくて行きました。お店沢山あって何処がいいのか悩む…でももん吉さんで多分大正解。おいひー！と涙目で生ビールぐびぐび。ホタテ、餅、チーズがこんなに美味いなんて！
福岡で食ってたもんじゃ、あれはもう嘘嘘、本物は塩気が控えめだからソースプリプリかけても美味しいんだ。私の中で今後東京来たらもんじゃ必須に今なったな、と感じた瞬間です。友人チョイスの明太もんじゃは私にはちょい塩辛かったかな。ダシ旨さ？魚介旨さ？がたまんなかったです。恐れ入りました。ホタテとかでっかいの使用されてる為かお値段はお高め。でも大満足ー。"
100000000000 ,もん吉 本店,"月島で迷ったらここがオススメ。メニューが豊富で、美味しい。もんじゃ以外の、焼きそばや、お好み焼きもいける。
#キャンペーン #もんじゃ焼 #口説ける"
100000000000 ,もん吉 本店,"メニューはほぼもんじゃとお好み焼きとバター焼きしかないですが、変わり種も多くて美味しいです。
オムライスもんじゃとチゲ鍋風もんじゃが意外にも美味しかったです。"
100000000000 ,もん吉 本店,"もんじゃ焼きの有名店。はずしちゃいけないのがチゲ鍋風もんじゃー(*´▽｀*)
他のもんじゃ屋サンぢゃ食べれない。　
焼いてもらえるのが、最高。楽！"
100000000000 ,もん吉 本店,"月島の路地裏にあるもんじゃやさん。
店内のあっつい中でもんじゃやビールを飲む雰囲気がすごくいい。
ラムネや凍ったいちごデザートなどもおいている。
表通りの新しいかんじなお店より、こちらの店のほうに趣感じた。


#友人・同僚と"
100000000000 ,もん吉 本店,"いついっても混んでいる、月島もんじゃの老舗。

もんじゃは店員さんが焼いてくれるんだけど、店員さんにアタリハズレがある模様。
ちなみに、どの店員さんの場合でも、よく見る土手的なものは作らず、
細かく切って、混ぜる、完成！みたいな感じ、味は美味しい。

もんじゃ1枚あたりは1000円OVERが多く、客単価はそれなりに。"
100000000000 ,もん吉 本店,"ブラピもきたという路地裏のもんじゃやさん。店内はたくさんのサインが^_^。
味は普通においしいけど、もんじゃって味に差がつくのかな？？
お値段は観光客価格なのかお高め。さくっと食べて他で飲みました?"
100000000000 ,もん吉 本店,"週末のランチ
の予定だったがガッツリ飲みに変更にｗ

もんじゃは正直詳しくないけど、お好み焼きを頼んだらお店のお姉さんの焼き具合が凄すぎ(美味すぎ)て盛り上がりました！"
100000000000 ,もん吉 本店,"徹夜仕事の後に訪問しました。気分的にもんじゃじゃなかったのでお好み焼きを頼みました。
きっちり美味しかったですよw

今度はもんじゃを頼もうと思います"
100000000000 ,もん吉 本店,店員さんが焼いてくれてとってもオイシい！写真はカマンベビー！いろんな変わりダネがあっておもしろい！！
100000000000 ,もん吉 本店,"正月そうそうもんじゃが食べたくなり、隣町の月島へ。
もんじゃには詳しくないので、かみさんの情報でここもん吉をチョイス。
なにやら芸能人や海外スターも訪れる店とのこと。
店内は私好みのごちゃごちゃしたねんきを感じる汚れ加減。(^-^;
満員のようで待たないといけないかと思いきや、照明を消していたエリアに明かりを灯すと、数十人が入れる場所があるじゃないですか！(^^)
ものの５分でそちらの席も満席に。(^-^;
明太子もんじゃ1050円ときりいかもんじゃ850円と豚玉850円を注文。
勿論生ビール600円も。(^^)
もんじゃは特に明太子もんじゃが美味しかったですね！
ちょっと使っているソースの酸味がキツイようにも思えましたが、これは好み。(^^)
店の雰囲気や、店員さんの接客の良さなど、かなり高得点な店ですね。
でも最後に注文したお好み焼きは余計でした。(^-^;
玉子と小麦粉とキャベツと水の量配分がまるでなってはいません。
関東のお好み焼きは、出店屋台の不味いお好み焼きが基準としかなり得ないので、当然と言えば当然。(^-^;
月島でお好み焼きを食べること自体が邪道でした。(^-^;
次回からは旨いもんじゃに徹しようと思いました。(^^)

#三が日"
100000000000 ,もん吉 本店,"初 月島！

芸能人の方たちの写真やサインがずらり！！！

もん吉さんでもん吉スペシャル
☆*:.｡. o(≧▽≦)o .｡.:*☆

#鉄板焼き"
100000000000 ,もん吉 本店,"もんじゃににんにくを入れると旨いことがわかった(^3^)/

壁一面にサイン色紙だらけやな(^^;)
店内いっぱいやけど運良く１席空いてたので入れた(^^)v

■もちチーズ明太子
　店内人気ベスト２！
チーズと餅が入ってたら間違いない(^3^)/
お好み焼きならすかさず豚バラにするんやけど、明太子がバラけるからもんじゃには合っとるね(^^)v

■豚にんにくキムチ
　すりおろしにんにく入り初めて試したけど旨いわ！！今度からにんにく必須にしよ(^3^)/
豚はミジンコみたく粉々に裂かれるから存在感なくなるな～ 旨いけどね～(^^;)

ん～今度は「いかチーズにんにく」「明太子チーズにんにく」「ベビチーズにんにく」あたり組み合わせてみるか！

難点は、３種入で1500円とお高い(>_<)１種だと他店と変わらんぐらいなんやけど…"
100000000000 ,もん吉 本店,"「もんじゃ食べたい！」のリクエストで、Rettyの皆さんのコメントを見て行ってきました～。出汁が美味しい～。もん吉スペシャル、明太子もちチーズ、ベビースターもんじゃと３種のもんじゃ、カキニラ玉天(お好み焼き)、あんこ巻き食べてきました。
美味しかった(^-^)
ごちそうさまでした♪"
100000000000 ,もん吉 本店,"金曜日の夜なのに待ち無しで入店。
珍しいこともあるものです。
連れが初めてというので、ベタにランキング1・2位をチョイス。
さすがにハズレはありませんね。"
100000000000 ,もん吉 本店,メインストリートの一本路地に入ったところにある本店。店員さんにもんじゃも全部焼いてもらったのが正解。もんじゃも美味しんだけど、実は豚キムチ焼きそばが最強なんじゃないかと思う
100000000000 ,もん吉 本店,"月島もんじゃ
一時帰国中の仲間と「東京名物って…もんじゃ？」の一言で夏のもんじゃ決定。 でも予想に反して満員御礼の店内、テンションだけじゃなく室温もMAX状態w

ご存知の通りもんじゃの見栄えから写真は鉄板のみでw"
100000000000 ,もん吉 本店,明太チーズもちもんじゃ。1700えん。高くね！？ってなりました。頼んだ後に気づいた。月島価格でしょうか。
100000000000 ,もん吉 本店,"カレーもんじゃと豚玉天?
もんじゃはカレーが1番！
お好み焼きは豚玉が1番！
美味しい?"
100000000000 ,もん吉 本店,"月島の有名なもんじゃ屋さん。
テーブルは、ちょっと狭い四人掛けだったりするので、大勢で行く場合には、当たり外れがあります。
味は女子好みの薄味だと思いますが、カレーもんじゃは結構ガツンとくるので、ごはんが食べたくなるほどです。
牡蠣バターは冷凍ものですね。千円は高いと思いましたが、その他は、普通かな。"
100000000000 ,もん吉 本店,"数年に一回、もんじゃが食べたくなると、みんなを誘って月島へ。
みんなで、ワイワイ騒ぎながら食べるには良いよね。
でも、原価の割に、高いんだなあ、これが。"
100000000000 ,もん吉 本店,"日曜午後に訪問。
賑わった店内。
ちょうど席が空いて、すぐに席を案内してもらいました。

もんじゃのメニューがたくさん！
選ぶのも楽しい(*^▽^)ﾉ

おいしくいただきました！"
100000000000 ,もん吉 本店,"2回目の訪問。今回は家族4人で。
人数増えると、色々食べれるから良いですね

ごちそうさまでした～。"
100000000000 ,もん吉 本店,"月島にある「もん吉」行って参りました。

店内には芸能人達の色紙とメニューが彼方此方に貼ってあり、メニューの多さに目移りするも、定番の「めんたい・餅・チーズもんじゃ」「もん吉スペシャルお好み焼き」「焼きそば」「ベビースターもんじゃ」を頂きました。

それなりに美味しいのですが、コスパを考えると…上記に加え、二人で生ビール６杯飲んで8,500円！まぁいい経験を買ったと思えばいいのですが、でもコナモノにしてはチョット…"
100000000000 ,もん吉 本店,"魚仁で魚をたらふく食べた後の〆に月島なのでやっぱりもんじゃ

商店街の裏道をブラブラしながらたまたま入ったのがこのお店、定番を一つしか食べてないけど有名店だったようでそこそこ正解でした。
芸能人が沢山来ているようで、壁に貼ってあった写真の中にアーネストホーストを見つけたのは驚いた

持ち明太チーズもんじゃ 1500円

昔は駄菓子屋に鉄板の付いたテーブルが置いてあってもんじゃのベースが30円、ベビースターが30円、カレー粉10円と100円あれば山ほど食べられたなぁと思い返しながら、比べちゃいけないと思うのでした

#2015.5
#月島
#もんじゃ"
100000000000 ,もん吉 本店,"昼過ぎに伺ったのですが、意外にも店内ガラガラでした。暑すぎるせいもあるのかしら。

壁にたくさんメニューが書いてあり、どれにしようか正直迷いますw
とりあえず一番人気のもん吉スペシャルを注文しました。
具沢山でもんじゃもなかなかいいなと思いましたが、結構お高い^^;

これが月島ブランドというやつなのですね"
100000000000 ,もん吉 本店,ワーハピ帰りに途中下車して月島へ。人気の明太もちチーズは安定の味。初めて食べたオムライスもんじゃには黒胡椒をかけて。どちらも美味しくいただきました。ご馳走さま。
100000000000 ,もん吉 本店,"なんだか、私は下町育ちで月島には
13から17歳まで住んでいたんですが、
昔のもんじゃ焼きが懐かしいです。"
100000000000 ,もん吉 本店,"数々の有名人が来店する月島もんじゃ界隈で「最もウマい」と評判の店。
「どうしても行きたい」という友人と来店。店内は下町風情たっぷり。煙でよく燻された感じの壁天井。来店した有名人のサインやら写真やらが所狭しと飾ってあります。月島のもんじゃ屋さんは「いかにたくさんの有名人が来店しているか」を競い合っている傾向が強いです。私は「で、どうしたの？」と思ってしまうのですが（笑）。もんじゃ初体験であれば、店員さんにやってもらうのがベター。よくわからない人にやらせると、お好み焼きと同じようにいきなり汁までガバッと鉄板にまかしてしまいますから。こういうのは、デートの際に男子がちゃんと「こうやるんだよ」と具を焼き、手際よくコテで刻んで、土手を作って、真ん中に汁を流し込む。この辺りの手際の良さを見せつけることで、男が上がる感じでしょうか。鍋奉行ならぬ鉄板奉行、ですな。
正直、私はチマチマ食べるもんじゃがウマいとは思いません。でも女子は、こういうチマチマ食べるモノが好きだったりするんですよね。同じ粉物ならお好み焼きの方が好み。大阪や広島のお好み焼きウマい店多いですから。料理としてのウマさよりも、下町風情を楽しむところなんでしょうなー。ちなみに他の月島のもんじゃ屋さんと同様にお好み焼きや鉄板焼きメニューもあります。"
100000000000 ,おかめ 本店,"おかめ本店
2012/11/23 月島

広島から友人が遊びに来ているので東京らしい食べモノシリーズ?の流れで月島もんじゃへ。

牡蠣のバター焼き
生ザーサイ
明太子＆餅もんじゃ(チーズトッピング)
生海苔もんじゃ
乙女焼き?

とモロモロ注文したトコろ?
生シリーズが大当たり?

生ザーサイ＆生海苔もんじゃは他店と一線を画する美味しさでした。
ただ、やはりもんじゃは食後に匂いが気になりマスね(>_<)

ファ○リーズの携帯をお忘れなくデスね?"
100000000000 ,おかめ 本店,"久しぶりの月島?
まずは定番近どうを目指すも長蛇で断念…
おかめに切り替え入店?
同じく久々のジャン、明太もちチーズをオーダー
ジャンは辛みそが良いアクセントになってて美味いよね?
明太もちチーズも安定っす！"
100000000000 ,おかめ 本店,"月島の老舗もんじゃ屋さん。
さすが老舗だけあるわぁ、もんじゃは安くて、美味しいです(*^^*)

特に、カレーもんじゃが、どハマりな予感。"
100000000000 ,おかめ 本店,月島でもんじゃ食べようという話になり、食べログ頼りで行きました。もんじゃ食べないっていうメンバーが多かったので(じゃあなんで行こうって話になったんだろう……)お好み焼き中心で頼みましたが、やはりもんじゃが美味しかった。Facebookでいいねするとジョッキがもらえると書いてあったので、いいね押しておかめ印のジョッキもらってきました。
100000000000 ,おかめ 本店,"月島に来るのは実に2年ぶりですが、中々良いお店♪
今日はがっつりもんじゃでアララメンバーの歓迎会(#^.^#)
青海苔のもんじゃ、明太もちもんじゃ、美味いぞー！( ´ ▽ ` )ﾉ
カラオケも行ってこれから頑張るぞー！
#鉄板焼"
100000000000 ,おかめ 本店,"おかめ本店@月島
2012/11

行って来ました?
月島@もんじゃ

広島から友人が遊びに来ていたので東京名物と言えばもんじゃ?と思い
たくさんお店がある中で、この生海苔もんじゃにココロ惹かれて訪問しました。
新鮮な生海苔がこれでもかー?ってなくらいまで入っていて磯の香り満載デス。
美味しかったデス。
他には、必須の明太子＆餅＆チーズ
や、こちらの名物の牡蠣のバター焼きなど頂きました。

しかし、仕方ないのですが洋服＆髪の毛に翌日以降も頑固にニオイが残りなかなか忘れられない思い出に(>_<)"
100000000000 ,おかめ 本店,"もんじゃは好きなんですが、お店ごとの違いがよくわからないので評価が難しい(>_<)

こちらのお店は味も美味しかったですが、店員さんがとてもフレンドリーで対応がよかったです♪

#東京・その他"
100000000000 ,おかめ 本店,"生のりじゃこもんじゃ。
磯のかおりが良く、キャベツも大きめに刻んであり、美味しかった。"
100000000000 ,おかめ 本店,"月島もんじゃ！この店人気No.1のジャン(いか、豚、辛味噌)を食べました。店員さんに頼んで焼いてもらうと、美味しそうな煙が雲海のように広がりました(エアコンの風によって煙に包まれただけです)初の本格的なもんじゃだったので他と比べることはできないですが、味噌好きの名古屋人にとっては食欲を駆り立てる、うみゃ～1品でした！

色々な種類があったので、何回も行って制覇してみたいですね～"
100000000000 ,おかめ 本店,"もんじゃは出汁？が効いていたのかコクがあって美味しかったけれど、お好み焼きの味は普通。
キャベツは荒い千切りでした。

なにより、店員さんのサービスがよくない。
明らかに初心者相手でも、むしろ頼んでも作ってくれようとはしないギャル(金髪つけまつげ！)たち。
作り方すらも教えてくれません！

客びきするために表に立っていたおじさんの方が感じがよかった。
また行きたいとは特に思わず。
残念！"
100000000000 ,おかめ 本店,"【生のりもんじゃ】
今回は、月島のもんじゃ「おかめ」。月島には多くのもんじゃ屋さんがありますが、ここは有名で必ず名前が出ます。多くのメニューの中でも一番人気は写真の「生のりもんじゃ」。このお店はどのメニューもボリュームたっぷりで超うまいっすよ。"
100000000000 ,もんじゃ つくしや,うめしそおろしもんじゃ！！ さっぱりしたこの店オリジナルメニュー。美味しかったですね。
100000000000 ,もんじゃ つくしや,"オススメは豚カレーベビースターもんじゃ、イカだらけもんじゃ、キムチ納豆もんじゃです！

イカだらけはイカスミが入ってて黒いもんじゃです！珍しいですよね。

最後の〆にはアベック巻やバナナチョコなどクレープみたいなものがありますー( ´ ▽ ` )ﾉ"
100000000000 ,もんじゃ つくしや,"月島のもんじゃ焼きのお店を紹介します～。ここのお店の特徴は、もんじゃ焼きだけではなく、サイドメニューである焼き物も絶品です。

特に、豚トロ塩焼きがおいしく、一枚ジワーと焼いて食べる肉のおいしさは他の場所ではあまり食べたことのないおいしさで鮮明に覚えています。日曜日の夜とかは結構混むので、ぜひぜひ予約をして行ってくださいませ～。

今のところ５回訪れて、一緒に行った人の評価も全て良いので安心して使えるお店です。"
100000000000 ,もんじゃ つくしや,"勝どき在住の友人と会うときは必ずお邪魔します。
こちらで初めてもんじゃは美味しいのだと知りました。
勿論、今後も通います。"
100000000000 ,もんじゃ つくしや,"月島もんじゃ☆
ハラミステーキと春一番もんじゃを頂きました(*/▽＼*)美味しい！！

春一番は、明太子とチーズとシソが入って、好きなものばかりー?"
100000000000 ,もんじゃ つくしや,"北海道ではあまり食べないもの第二弾でもんじゃ行きました。
ほんとは行きたかったお店が恐ろしい行列だったので、ここにしました。

そこそこおいしかったけど
そこそこですね

もんじゃはビールに合いますね"
100000000000 ,もんじゃ つくしや,"築地に住んでる友達が連れて行ってくれたお店。
もんじゃ以外の鉄板焼きやおつまみも豊富で、もんじゃ屋さんというか居酒屋さん。ちゃきちゃきのお母さんがばんばん焼いてくれます。
築地の近くなだけあって、海鮮ネタがどれも新鮮でおっきくておいしいです。"
100000000000 ,もんじゃ つくしや,"つくしや本店＠月島

向かいにもう1店舗ありますが、今回はこちらにお邪魔。
名物おばさんの出汁とトークで食が進みます。

まずは焼き物ということで、じゃがチーズ。イメージは高級ポテトチップス。
豚は大葉に包んであっさりと。
海鮮も頼もうということで、ホタテのもやし炒め。

もんじゃは、つくしやスペシャル、定番の明太もちチーズの2つを食べ、お腹いっぱいです。"
100001000000 ,わらしべ,"もんじゃ商店街の中で
活気あり！
美味しいポ^_?☆
ボリュームあるから
若者に大人気！

カマンベールまるごとの
もんじゃには圧巻☆*:.｡. o(≧▽≦)o .｡.:*☆"
100001000000 ,わらしべ,"3種類のもんじゃが食べれるカップルコースを注文！
もんじゃ焼き、ミックスもんじゃ、明太もちチーズもんじゃで2980円
腹一杯で大満足でした。"
100001000000 ,わらしべ,"もんじゃもお好み焼きも美味しくいただきました。
店員さんに活気があり、またさりげなく火加減を調節してくれるなど、好感が持てました。
お店も綺麗で良い感じ。また行きたいです。"
100001000000 ,わらしべ,"何年ぶりというくらいの勢いで月島へ。
もんじゃストリート、みるだけで楽しい場所ですね。日本に生まれてよかった笑
店内も他の店舗より広々としていてよかったと思います。
定番わらしべスペシャル、海鮮がたっぷりで大満足でした。
その他おすすめのメニューとしてあがっていたベーコンとアスパラをはじめ、ホタテバター、エリンギ、写真からも美味しさが伝わるくらい、、それ以上に美味しく最高でした。
もんじゃ好きな方はご存知の甘味として必須のあんこ巻き、今回はチョコレートをセレクトしました。店員の手さばきは見事です☆熱々のうちにぜひ。"
100001000000 ,わらしべ,"昭和の贅沢・明太もちチーズ・海鮮のセット\2980
全てもんじゃorお好み焼きが選べる。
ちなみに「昭和の贅沢」は、オーソドックスなもんじゃの具＋卵が二つというトッピング。"
100001000000 ,わらしべ,3階建ての鉄板焼き屋。広めの落ち着いたお店。お好み焼き、もんじゃ、やきそば、海鮮やお肉の焼き物すべて美味しかったです?月島にいった際は、ぜひ☆
100001000000 ,わらしべ,"ベビー連れで利用。2階の座敷は広々してて、ベビーを転がせてらくちん！
もんじゃは、文句無しに美味しい??"
100001000000 ,わらしべ,"メニューとか調味料に至るまで、出来る限りキレイに清潔感を
保っている。オレンジと黒で統一された素敵な雰囲気。
温かみのある空間ながら、洗練された雰囲気さえ感じます。
お席にお店の方がいらして、焼いて下さいました。

タコ、いか、ほたて、えび、豚肉が入っています。1380円
素材も築地直送の新鮮な魚介!!ボリューム満点の本格もんじゃ!!
手際の良さ、美しさ、スピードにビックリ!!
具で土手を作って、2度に分けて生地を入れていくんですねぇ。
じゅわわわーーーー。食べごろや食べるコツ等も教えて頂きました。

おこげを薄っすらを作りながら、すくっていくんですねぇ。
うんうん。とっても美味しい。食べごろを頂ける幸せをかみしめる。
具も本当に豪華でそれぞれの素材が活きてます。めちゃ美味しい!!"
100001000000 ,わらしべ,"もんじゃストリートのもんじゃです★
店員さん焼いてくれます！

今回は豚キムチとコンビーフチーズと韓国風の中辛にしたのですが…(；・ω・)
かなり辛かった…(；・ω・)

また月島開拓します！"
100001000000 ,わらしべ,"もんじゃストリートにあるお店。
もんじゃはボリューム満点でおいしい。
もんじゃ屋定番のクレープみたいなデザートもおいしかった。"
100001000000 ,わらしべ,"とりあえず、スーパードライエキストラコールド*\(^o^)/*
月島にできた新しいもんじゃ屋さん。サービスがよく、お店もキレイ。焼き物も美味しい！
だけど、肝心のもんじゃは…
あとコスパが悪いのと、鉄板がきたないのは致命的かも。"
100000000000 ,もんじゃ麦 西仲店,月島もんじゃストリートでもんじゃ焼き。鉄板の明太チーズ餅と、カレー蕎麦でお腹いっぱい！
100000000000 ,もんじゃ麦 西仲店,"会社の同僚と初めてのもんじゃということで月島駅から歩いて近いここに来店。

アルコール付きのAセットというのを注文。

お好み焼きと違って、ガッツリ！というわけではないので、2人でもペロリと食べてしまう。
ここで店員さんオススメのツナカレー焼きそばっぽいものを追加オーダー。
一風変わったものだったが、美味しくいただきました。

気軽にもんじゃを食べることができ、お腹いっぱいになり満足。

また、今回は初めてだったのですべて店員さんにやってもらったので、初めての人でも安心して行けます。

駅から歩いて最初の方にあるもんじゃの店なので早く食べたい！という人にもオススメです。 #キャンペーン"
100000000000 ,もんじゃ麦 西仲店,"もんじゃ。
使用前の写真をアップします。
ちまちま食べながら、お酒を飲むのはいいですね。ホクホク感とキャベツのシャキシャキとソースの風味。あまり語れる特別感はありませんが、鉄板を囲めるのは楽しいものです。"
100000000000 ,もんじゃ麦 西仲店,"月島もんじゃの定番「麦」の系列のお店
ここのお店を基準に月島を食べ歩くと色々な個性あるお店があって面白いです。
オススメは夏木マリスペシャルとあんこ餅巻きです。"
100000000000 ,もんじゃ麦 西仲店,江戸に来たら月島に行って下町の味「もんじゃ」をたまには食べようー！芸能人も多数御用達のこのお店♪( ´▽｀)
100000000000 ,もんじゃ麦 西仲店,月島が地元の知人が推していたのが、このお店。もんじゃ屋さんはたくさんあるけれど、アットホームで美味しくておすすめです。
100000000000 ,もんじゃ麦 西仲店,普通に美味しいです。種類もいっぱいあって、いかにも月島感が漂うお店でした。
100000000000 ,もんじゃ麦 西仲店,"ガイドブックにも載ってる名店だけにおいしい！
夏木マリスペシャル（キムチ、納豆、チーズ、明太子）もんじゃは格別でした。"
100000000000 ,もんじゃ麦 西仲店,"ランチに訪店したのですが、
バイクだったので、残念ながらアルコール抜き！
そこで頼んだのは、ソフトドリンクのDコース
2人で1480円以下のもんじゃと好きなお好み焼きと三種から選べるオムレツとソフトドリンク二杯で3500円
美味しく頂きましたが、ちょっと高いかな?     もうちょっとCPが良いとありがたいなぁ~"
100000000000 ,もんじゃ麦 西仲店,"2013/04/19（金）
月島の観光名所であるもんじゃストリートでもんじゃを食べることに。
あまり土地勘がない月島だったが、名前の通りもんじゃを扱う店舗ばかりで発掘したくなる雰囲気があった。

コチラでは最初にもんじゃを注文し、後にお好み焼きも注文。
本場のもんじゃとあって期待していたが、意外と王道の味付けだった気がする。"
100000000000 ,もんじゃ麦 西仲店,"豊洲?月島お散歩②

月島 もんじゃストリートへ。
店員さんが元気なこちらで夜ゴハン。

キムチ納豆チーズ もんじゃ。
納豆サイコー！

ごちそうさまでした！"
100000000000 ,もんじゃ麦 西仲店,"【初の月島もんじゃ☆スペシャル2種を♪】

もんじゃもお好み焼きも大好きなのに一度も月島に行ったことがなく
先日初めて行ってきました♪

麦おすすめ　スペシャルもんじゃ

麦天

おススメ2種を注文!!!ちくわやツナが入っていたのが斬新で美味しかったです♪

お酒を飲む人はアルコールついたセットなどいろいろありました♪

あそこいくと迷っちゃいそうですが出会ったお店に入ってみてラッキーでした♪"
100000000000 ,もんじゃ麦 西仲店,"東京案内ということで、月島でもんじゃを食べることに。
しかし、どこも並んでる。いろいろ探した挙句、比較的すいているこちらへ。

【オーダー】麦スペシャル、明太もちチーズ、キムチMIX等

【会計】4人で4000円程度。

【料理】1番美味しかったのは、明太もちチーズ。もんじゃのどろっとした食感がもちと合う。明太子の辛さもいいですね。
しかし、ここに限ったことではないが、月島もんじゃは自分で作らなあかんし、CP悪い印象。

【推奨用途】月島でもんじゃを食べたい時に。

【座席?駐車場】テーブル席・座敷48席。

#ご当地"
100000000000 ,もんじゃ麦 西仲店,"本日は、３時のおやつにもんじゃの日。夕方５時からオープンが多い月島のもんじゃストリートですが、「麦」が空いてました！麦スペシャル（1450円）は、肉、イカ、海老など１０種類の具材が入った「まずはこれを食べないと」メニューです。あとはお約束の明太もちチーズもんじゃ（1450円）をいただきました。

メニューにあったキムチ、納豆、チーズ、明太子が入った「夏木マリスペシャルもんじゃ」1500円が味も名前もとっても気になったけど、次回にとっておきました。

店員さんが元気なお店です。"
100000000000 ,もんじゃ麦 西仲店,"月島にはもんじゃ焼きのお店がいっぱい。
どこも基本的に同じ味な気がするけれど、やっぱり違うのかな？
お店オリジナルのレシピで、差をつけているようですね。

こちらでいただいたのは、夏木マリスペシャル（1500円）。
夏木マリさんが考案したレシピは、キムチ・納豆・チーズ・明太子。
騙されたつもりで食べたら…意外にも美味しい！
火のとおったキムチの甘さ、意外と香ばしい納豆の味わい。
これと、定番のチーズ・明太子の相性が、なかなかいい具合です。
もんじゃってどこも同じ味だと思ったけど、やっぱり違うんですね！

追加で注文した、味噌ラーメンもんじゃ。
そば・味噌・もやし・コーン・バター・ペッパーという組み合わせ。
ペッパーの効いた味噌味、バターのアクセントがいい具合です。
こちらもなかなかの味わい。
美味しいですね★"
100000000000 ,もんじゃ麦 西仲店,"評判みて、初来店♪
感想はふつーでしたw
ソースがあまり私の好みじゃなかった。
もっとどろっとした濃厚なソースが好きなんだよな?"
100001000000 ,もんじゃ信濃屋,"月島の人気店！月島まといえばもんじゃ！
大好きな月島もんじゃは結構行きましたが、ココはぶっちぎり????????????です！
なんといってもおだしの味が...(?ε?)
最高に美味しいんです！
お出汁が...

平日でも18:30すぎたら満席っぽいので絶対要予約です!

接客もしつこくなく、優しく見守る系?!(･?∀?･)で居心地良かったです!

あー、食べたくなってきた 
(? ? ? ?)??°"
100001000000 ,もんじゃ信濃屋,上司2人と同期と月島でもんじゃ食べてきました!!年齢が近いのもあって楽しかった(*^^*)　カレーもんぢゃおいしー、明太子もgoo(^^)d　お酒もいっぱいあってょかった=3  いっぱい愚痴ってすみませんでした↓
100001000000 ,もんじゃ信濃屋,"また行ってしまいました。

月島ではココが一番好きです！
接客も感じいいし、なんと言ってもお出汁の味が(¶? ? ¶?) 

遅い時間は混んでます！

迷ったらオススメです♪"
100001000000 ,もんじゃ信濃屋,"月島にあるもんじゃ。
昔月島に住んでいた友達がお勧めしていたので訪問しました。
カップルセットは1,600円でもんじゃを3種類食べることができます。
一つの量は少ないですけどこれで済ませればお酒を飲んでも一人2,000円もあれば楽しむことができます。
かなりの人気店みたいでずっとお客さんでごったがえしていましたね。
また行ってみたいお店です。
ご馳走さまでした。

#もんじゃ"
100001000000 ,もんじゃ信濃屋,"ここの海鮮は素材が良い感じ！
iPhoneの画面サイズくらいある明太子にびっくり?
店員さんが素早く作ってくれて、
とても美味しかったです?"
100001000000 ,もんじゃ信濃屋,"月島の人気のもんじゃやさん。
ハイどーぞ。ってもんじゃを置かれて、自分たちで作るのが基本みたいです。
私は焼かずに鉄板にもんじゃを流す役w
焼ける人がいない時は、お店の人に頼みましょう！
ここのもんじゃは出汁がとても美味しい。味付けしなくても十分なくらい。
三種類食べられて、量が1.5人前ってセットは二人で行くには丁度いい量です。
さくっともんじゃ食べるのもアリだし4人くらいでワイワイ色んな種類楽しむのもいいなぁ。"
100001000000 ,もんじゃ信濃屋,"もんじゃが食べたくなり、せっかくなので本場月島へ。
明太もちチーズもんじゃが大好きなので注文。
明太子の大きさにびっくり！
おいしくいただきました。"
100001000000 ,もんじゃ信濃屋,"月島で有名なしなのやさん。
具たくさんは、もちろん、出汁がうまいのです。頼めば作ってくれますので、お願いすると安心です。

リーズナブルだし、みんなでワイワイしながら、食べるには最適！

あ、予約はしといた方がいいですよ。"
100001000000 ,もんじゃ信濃屋,月島に寄ったのでふらっと入りました。お店の人にオススメをきいて勧められた、めちゃくちゃでっかい明太子が入った、明太もちチーズもんじゃを注文。女の子が慣れた手つきで焼いてくれました。出汁の味がとてもしっかりきいてます。オススメなだけはある。月島にきたらまたココに来よう。
100001000000 ,もんじゃ信濃屋,月島もんじゃの中ではだし汁濃いめで好きな店。基本は4人テーブルなので4人以内で行くならここ。
100001000000 ,もんじゃ信濃屋,"予約して伺いました。

もんじゃというと、いつも家で作る貧乏もんじゃ(具はキャベツとチーズのみ)なので、具沢山のもんじゃは見た目・味ともにとても美味し楽しかったです*\(^o^)/*

もんじゃの焼き方も、テーブル脇に置いてあるので、もんじゃを知らない方でも大丈夫。
種類も豊富なので、お気に入りの組み合わせが見つかると思います。

出る頃には外に列ができていたので、予約して正解でした。"
100001000000 ,もんじゃ信濃屋,"味  ★★★★
雰囲気  ★★★
スタッフ  ★★★★
価格  ★★★★★

もんじゃをチョビチョビ食べながら、飲みたい！ということでお伺いしました！

女将さんが凄く気さくで威勢のいい感じで好印象でした！

もんじゃも丁度いい味加減で、ボリュームも文句なし！

煮込みもトロトロ( ?????????????)
またお伺いしたいお店です?"
100001000000 ,もんじゃ信濃屋,"明太子もちチーズもんじゃは間違いない美味さ！
もつ煮込みもんじゃ、トマトベーコンチーズもんじゃも思いの外美味しかったです。

人気店なので行列は覚悟した方が良さそうです。"
100001000000 ,もんじゃ信濃屋,出汁が効いていて美味しいもんじゃ屋さん。明太もちチーズの明太子がとても大きい！メガフランクが美味しかった。人気店なので予約必須。
100001000000 ,もんじゃ信濃屋,"さくっと一時間だけ行ったけど、味も美味しかったしボリュームもあって、なおかつ店員さんがとてもフレンドリーで居心地の良いお店でした。
入れなかったお客さんに、クーポンを手渡すなど、抜け目のないサービスでした(°_°)"
100001000000 ,もんじゃ信濃屋,"ディナーに、家族で訪問しました。
お好み焼きが美味しかったです。
コスパの良いお店で、飲み会での利用がオススメです！"
100001000000 ,もんじゃ信濃屋,"会社の送別会で
初めて月島きました！
もんじゃ屋さんばっかりでビックリ(ﾟoﾟ;
コチラは人気店らしく予約しないと入れないのか何組も断られてましたぁ(ﾟДﾟ)
もんじゃもちゃんと食べるのは初めてでコテ？で上手くとれなくて…すくって食べました(￣∇￣)
自分達で焼いてワイワイ食べるのが楽しくて仲良しさんとくるねがいーかも！"
100001000000 ,もんじゃ信濃屋,"月島もんじゃ！
もちろん！もんじゃも美味しいですがモツ煮も絶品！(?????)"
100001000000 ,もんじゃ信濃屋,"明太子たっぷりのもんじゃ！
ちょっと味が濃かったけど、
ワイワイ食べるのは楽しい！

席にダクトが付いてるので、
あまり煙たくならないです◎"
100000000000 ,もんじゃ 蔵,口コミが多かった月島もんじゃの蔵(^^)／行列だったので待ちましたが､期待以上にとっても美味でした??
100000000000 ,もんじゃ 蔵,明太チーズもち、蔵スペシャル、豚キムチいただきましたー！すべてうまし！カツオ系？の出汁の効いたタレ？の味が良いですね。祝日の1530頃に行きましたが、ほぼ満席！人気ありますねー。また、行きたいです！
100000000000 ,もんじゃ 蔵,"月島もんじゃを頂きに美味しいと噂の蔵へ！
15:00頃行ったにも関わらず、他はどこも空いているのにここは待ってる人が耐えず多い！
30分くらい待って入れました。

＊明太もちチーズもんじゃ
＊豚キムチもんじゃ
＊イカのバター焼き
を頂きました。

とにかく明太もちチーズもんじゃの美味しさと言ったらないです!!
無言でバクバク食べちゃいます。

忙しいのは分かるのですが、
接客は無愛想気味でした。

でも味に大満足!!!!
もんじゃ食べにまた行きます！"
100000000000 ,もんじゃ 蔵,"もんじゃの聖地、月島の隣駅に住み始めて早7年。

にもかかわらず、意外と行ってないことに気が付いて行ってみた。

■明太子・もち・チーズもんじゃ 1,300円
やはり定番、間違い無い。

で、いつも迷うのが二品目。

何かもう一品、定番は無いんだろうか。

と、メニューを探していると、こちらのオリジナルというクリームもんじゃを発見。

その中から更に珍しいドリアもんじゃをオーダー。

■ツナドリアもんじゃ 1,050円
これがどうして意外に旨い。

ドリアと謳っている割にご飯が少なかったのだが、要は（もんじゃだけに）緩めのドリア。

やはり人気店（by 食べログ）、もんじゃなんて何処で食べても似たようなもんだろうと思っていたが、旨い店は確かに旨いらしい。

これでホッピーがあれば最高なのに。

でも、もんじゃの味の差なんてそんなに頑張らなくても縮まると思うんだが、奥が深いものなんだろうか。


そうそう、今日はお店のお母さんにもんじゃの焼き方を教えてもらった。

「薄?く広げて焼く」のがコツなんだそうな。

この方がおコゲが出来やすくて旨い、と。

確かに、旨かった。

#もんじゃ
#子供連れ
（ヤケド注意）"
100000000000 ,もんじゃ 蔵,"予約して行きました。店の外は待ってる人たちでいっぱい！さすが人気店。

明太もちチーズもんじゃはチーズ後がけで間違いない美味しさ！
あとはクリーム系もんじゃってのもひとつ頼んでみた。えびクリームもんじゃ。コーン、キャベツ、なんかゆるいシチューを焼いている感じ…笑
普通のもんじゃと違って固まりづらくて食べにくかった。クリーム系はもう頼まない。普通がいちばん美味しいです！ #友人・同僚と"
100000000000 ,もんじゃ 蔵,"月島もんじゃも数ある中で、人気のある「蔵」に行ってみました。
土曜日の夜ながら人も少なめで、ほとんどはすぐ入れる中でこの店だけは数人が並んでる。
やはり口コミも含め人気店なんかな。

もんじゃの定番、明太子もちチーズをお店の人に作ってもらう。さすが、土手から液漏れなし（笑）　しかし味はしっかりついててGood！

別に頼んだ牡蠣バターもプリプリで顔がほころびました♪一緒に炒めたもやしに吸い込む醤油バターの味も格別でした。

もんじゃを外したくない人はこの店はオススメです☆"
100000000000 ,もんじゃ 蔵,明太子・もち・チーズのマイベストもんじゃで。ここのは出汁がきいてていいっす。年末の月島はいい感じの盛り上がり。お勘定のときに「お土産に浅草ペリカンのロールパンです。」と言ってくれる下町の粋(^^)
100000000000 ,もんじゃ 蔵,"明太、もち、チーズのもんじゃがとても美味しいです。ここに来ると必ず頼みます。

クリーム系のもんじゃは始めて食べたのですが、クリームシチューのような味で美味しかったです。

お店はいつも混んでで待つので注意。"
100000000000 ,もんじゃ 蔵,"お好み焼きミックス、フワフワ。
もんじゃ明太餅チーズ、香ばし。
やきそば、2種のソースで旨旨。
お店の方も親切でした。"
100000000000 ,もんじゃ 蔵,月島の人気のもんじゃ屋さんです。休日は昼前から人がいっぱいでしたが、30分くらいで入れました。定番のもんじゃはもちろん、クラムチャウダーのもんじゃが、クリームのコクともんじゃ生地がマッチしてとても美味しかった^_^
100000000000 ,もんじゃ 蔵,"月島までもんじゃ焼き。1番口コミが多いお店に^_^
クリームもんじゃ！メチャ美味しい"
100000000000 ,もんじゃ 蔵,"この辺りに越してきて半年経ちますが、初めての月島もんじゃ★ せっかくなので、話題のこちらのお店へ?！

土曜の20時くらいに行ったけど、30分ほど並んだかな？女性客も多かった！

お店の方は本当に良い方でした。大分出身のお兄さんありがとう。女二人で上手く焼ける自信がなかったので全部焼いてもらいましたが、めちゃくちゃ美味しかった！手さばきもね！キャベツ叩くの。

人気店なので店員さんとゆっくり話すのは難しいけど、また行きたいなー"
100000000000 ,もんじゃ 蔵,"だしベースのもんじゃ。
ソースやお醤油が濃いめのもんじゃも好きですが、ここはとにかく焼いた時の生地が美味しい。
大行列の意味も分かりますね。
食べた翌日も食べたくなるようなもんじゃです。定番の明太餅チーズもんじゃは、おいしい！を連呼するうまさ。
とにかく並んででも食べたいです！"
100000000000 ,もんじゃ 蔵,家族で何度もリピしているお店です。大人数で行って、蔵スペシャルをみんなでわいわい言いながら食べるのが楽しいです。友達にすすめても、だいたい好評です。言えばお店の人が焼くのを手伝ってくれるので、初めてでも安心です。
100000000000 ,もんじゃ 蔵,"月島で上位に入る人気の、もんじゃ焼き店です。いつも入れないので、今回は開店11:00に予約を入れました。
開店後は平日にもかかわらず、30席程のテーブルは満席に(^_?)?☆
愛想の良い、おばちゃんに、もんじゃ焼きのアドバイスを頂きながらの、自分で作るはやっぱり楽しかったです。
昼から至福のエビスビールに、仲間と会話もはずみ、焼き物、焼きそばも追加しましたが、すべて完食にて大変美味しく頂きました。
やっぱり、明太、餅、チーズは美味いと思います（≧∇≦）"
100000000000 ,もんじゃ 蔵,"月島のもんじゃ屋さんです。
お店の名前がついたもんじゃは、流石に美味です。月島でもんじゃならオススメです！"
100000000000 ,もんじゃ 蔵,"私は相変わらず不幸である。

がしかし、不幸な人生を嘆いてばかりはいられない。万難を排して、月島はもんじゃストリートにある、「もんじゃ  蔵」にやって来た。

1年前の誕生日に、友達に誘われて訪れた蔵。
一目会ったその時に、いや、一口めでわかる、味の違い。
これが他店とは一線を画す名店の味。

それ以来、熱に浮かされたように、
「もんじゃの名店は蔵」
「蔵と言えばもんじゃ」
まるで、私設宣伝部員のように、蔵をPRして来たのである。

約1年ぶりに、蔵を訪れた。
女2人での宴会である。
女2人は、お互いの不幸を嘆きつつ、ビールとざくろサワーで乾杯をした。
少しでも、明るい道へと進めますように。

最初は定番の明太餅入りチーズもんじゃである。混ぜ過ぎてはいけないのに、私はミスをした。
明太子がバラバラになっておる。
これはしたり。しかし、焼いてしまえばどうということは無い。
美味しい??
さすが、蔵である。

次に、彼女のリクエストで、クラムチャウダーもんじゃ。
ここでもヘマをした。土手が決壊してしまった。
しかし、焼いてしまえばどうということは無い。
美味しい??
さすが、蔵である。

最後は、イカスミもんじゃ。もう、失敗は許されない。
素晴らしい焼き心地。
「もう、プロだよね」
「そうだよね」
さすが、私たちである。

女2人は自らの暗い運命をしばし忘れて、もんじゃとの美味なる愛に溺れた。あゝ、官能の喜び。

しかし、宴には制限がある。終電までに帰らねばならぬ。
私は明日、また仕事がある。
彼女は自らを鍛えねばならぬ。
2人は、暗い運命と戦わねばならぬ。

ただし、人生に少し疲れて来たら、
「次は何処に食べに行こうか」という、楽しい相談ができる。
これこそが、人生最大の喜びである。

不幸な人生は、料理に少し加えると味わいを増すスパイスみたいなものである。
不幸を喰い、美味いものを食べて人は大きくなる。

と言い訳していたら、ジャケットのボタンがハマらなくなってしまった。
あゝ、私って、やっぱり、不幸??（ーー；）"
100000000000 ,もんじゃ 蔵,"俺実はもんじゃ嫌いでずっと避けてました。だから期待してませんでしたが、また行きたいというかハマりました！
数あるもんじゃ焼の店で一番行列が出来ていた店ということで30分並んで入店。ベビースターコーンと明太もちチーズを注文。おっと生ビールもね^_^
店員さんが上手に作ってくれ、一口食べてみると美味しい！しかもビールに合う??これがランチでなければ三杯位飲んでたはず！
店によっての違いはわかりませんが、また月島に来たいです。"
100000000000 ,もんじゃ 蔵,"シーズンのカキバター焼が最高に美味しかった！
ホワイトソースのオリジナルもんじゃもなかなかやる??
友達におすすめ出来る店?"
100000000000 ,もんじゃ 蔵,"安定のもんじゃ屋さん。
店員さん曰く、一番人気は明太もちチーズ。やっぱり定番ですが美味しかったです。
二番は個性的なシチューのような味わいのクリーム味。豚や明太、クラムチャウダーなど、色んな種類があります。２枚目に◎。
いつも並んでるようですが、平日の寒い夜は入れました！"
100000000000 ,もんじゃ 蔵,"蔵さん、初訪問！

蔵スペシャルうまし！
クリームもんじゃ、初体験のまろやかさ、大アリです！
(⌒▽⌒)"
100000000000 ,もんじゃ 蔵,"明太海老クリームもんじゃ、牛すじネギもんじゃ、蔵スペシャル？どれも美味しかったです！

初めて自分でもんじゃ作りましたが、楽しかったです(^O^)"
100000000000 ,もんじゃ 蔵,"今月2度目の訪問、蔵さん、予約しておけば並ばずに入店可！
蔵スペシャル、安心の味に、これでもかと具材が入ってます！
明太クリームもんじゃは、シチューと明太の出会いって感じでうまし！
(⌒▽⌒)

ベーコン焼きも、ビールのアテに大アリです！"
100000000000 ,もんじゃ 蔵,"王道明太もちチーズもんじゃ?
ここオリジナルのクリーム系、リゾット系は次の楽しみに取っておこう
写真は蔵スペシャルもんじゃ"
100000000000 ,もんじゃ 蔵,流石月島！今まで食べたもんじゃで1番好き！月島で他のお店も行ってみたい！開店同時に行ったから入れたけど予約しないと入りずらそうだった！
100000000000 ,もんじゃ 蔵,"??3.51(199)
もんじゃ焼きってこんなに美味しかったっけ！っとびっくりしました。
頂いたのは定番明太もちチーズのもんじゃ焼きと蔵スペシャルもんじゃ。二人でちょうど良い量でした。
つなぎ(っていうんですかね？)の出汁の味が本当に絶妙に美味しいのです。今まで服に臭いつくし大味だし、、、って思っていたのですが、病みつきになりそうです???特に他の月島のお店チャレンジしなくても良いからここに来たいです^_^
土曜日のお昼12:30くらいに行ったのですが、雨ということもあってか、15分くらいで入れました。"
100000000000 ,もんじゃ 蔵,"月島でおいしいもんじゃやさんということで、お邪魔しました！

18時台に入店した時ですでに、行列が…！！(◎_◎;)

もんじゃを焼けないふがいない二人に
お店の方が気さくに教えてくださいました☆

土手を作る前に、土手にする部分をよく炒めるのだそうです。
キャベツがしんなりしたら、広めに土手作り→もんじゃの液を投入→沸騰したら土手と一緒に混ぜ合わせる→淵っこがカリカリしだしたら、食べてよし
とのことでした。

チーズもちもんじゃと、クラムチャウダーもんじゃをいただきました

どっちも美味！
今度はお好み焼きにも挑戦したいです！"
100000000000 ,もんじゃ 蔵,"お店一番人気の明太子・餅・チーズ
店員さんオススメの牛すじ・ネギ
変わり種でサーモンクリーム
以上、3種類をいただきました。

店員さんはめちゃ優しくて気さく。
作り方を丁寧に教えてくれましたが、なんだかんだ全部作ってくれました！
もんじゃはホントにどれも美味しかったです。
クリーム系は初めてで、ホワイトペッパーをお好みで振ってくださいとのこと。このホワイトペッパーがいい感じです?後でチーズのトッピングも追加しましたが、これもまたいい感じに濃厚で、めちゃ美味しかったです。
オススメです。
混んでいるので、待つのが苦手な方は予約するといいです。"
100000000000 ,もんじゃ 蔵,"朝10:30から並び始める大人気もんじゃ
もんじゃストリートにあります。
イカスミもんじゃは珍しいと思い挑戦したら、ダシが効いてて美味しかったです
12時以降は行列ができてしまうのでお早めに?"
100000000000 ,もんじゃ 蔵,"月島でもんじゃ焼き?♪
数あるお店の中で迷ったらココ！！

本日は蔵さんへお邪魔しました?
こちらは、オリジナルのクリーム系もんじゃが有名とのこと。

明太エビクリームにチーズのトッピング♪
クリーミーなもんじゃは初！おいし?い！チーズの効果でおこげがうまッ?
コーンの甘さと明太の塩気が絶妙です?

お次は豚キムチにネギと生イカをトッピング♪
個人的にこの組み合わせめちゃ合っててヘラが止まりませんww

最後に蔵スペシャル?
あらゆる海鮮が入ってて深味な贅沢もんじゃ！

こんなにもんじゃだけを食べたのは初めてだけど、飽きずに全部おいしかった(*^^*)
熱々のもんじゃにビールとサワーがすすみまーす♪♪

予約は4名からとのことで、平日17時過ぎに伺ったところ、一組待ちでわりとすぐに入れました！でもこの時間で満席なのは、もんじゃストリート歩いてみて蔵さんだけ?"
100000000000 ,もんじゃ 蔵,"蔵スペシャルもんじゃが、海鮮の味が効いててとっても美味しい！！
明太子がくどすぎず、いい味を出しています。
タコがまた美味しい?！
個人的に、今まで食べたもんじゃで一番好みでした。

美味しく食べたいと思い店員さんに作ってもらったのですが、とても丁寧に説明をしながら作ってくださいました。

他に豚キムチもんじゃと、イカゲソバター焼き、もつ煮込みを頂きました。
もつ煮込みはごく普通かな？
食べるならやはり鉄板ものがいいのかもしれません。

とてもお酒が進む味で、お昼から3杯も飲んでしまった…
今度はデザートメニューも食べてみたい♪"
100000000000 ,もんじゃ 蔵,"月島の人気もんじゃ店へ初来店。
せっかく月島へ来たので美味しいもんじゃを食べたい！「いろは」さんへトライしたらふられてしまった(T_T)ので、すぐ近くのこの蔵さんへ突撃！
人気のお店とは知らず、アイドルタイムで運良く入店できました♪

優しい店員さんが焼いてくれたスペシャルもんじゃ、お餅モチモチで美味しかったd(^_^o)
豆腐サラダ、キムチ、単品の焼き物も美味?！

お値段もとってもリーズナブルで良かった！
なかなか来られる機会がないけど、ぜひまた行きたいな！"
100000000000 ,もんじゃ 蔵,"40分くらい並びましたが、月島にたくさんあるお店の中で一番かも！
明太もちチーズ、海老クリーム、豚キムチ、牛すじねぎを食べ、クリームソーダで〆ました。
お酒もたくさん飲んで、一人4000円くらいでした◎大満足！"
100000000000 ,もんじゃ 蔵,"暑いけど、汗掻きながらもんじゃ！！
イチオシの蔵スペシャルと、クリーム明太を、
頂きました！ 美味！
ここは、味がつけてあって、失敗なし！
誰が焼いても、おいしく楽しめます！
(⌒▽⌒)"
100000000000 ,もんじゃ 蔵,"5時前にギリギリ滑り込みました。
予約があるため6時半までならとのこと。
その後も何組も断られている方がいらっしゃいましたので、噂の蔵に予約もせずにラッキーでした。
明太もちチーズ、サーモンクリーム、豚キムチ、あんこ巻きを3人でぺろり。
相変わらずよく食べる人たちで楽しいです。
やっぱり結局豚キムチが美味しい！
最近あんこ巻きとやらに出会ったのですが、もんじゃの〆に欲しくなってしまいます。黒蜜がいい仕事をするんです。たまらないっ。
蔵オリジナルのホワイトクリームベースのもんじゃは洋風でまた美味しかったです。シチューみたいな感じ。って言ったら怒られるでしょうか…

もんじゃは実際食べると想像以上にテンション上がりますね。"
100000000000 ,もんじゃ 蔵,"20150906
東京に来て初めてのもんじゃ焼き
とりあえず月島に店が沢山あって  ここの投稿みて  かつ行列の店に  初もんじゃ  大変美味しかった◎  出汁が良いね  後半の焦げが多い方が美味(^O^)  ただ店が暑かった生ビールが合う"
100000000000 ,もんじゃ 蔵,16時過ぎにいったけど、ギリギリ入れたくらい。。人気ですね。蔵スペシャルがおいしかったー！もんじゃってたまに食べたくなる。
100000000000 ,もんじゃ 蔵,"イカスミもんじゃ目当てで利用。
火曜日、お店の人によれば「空いてる」日でも30分は待った。もんじゃストリートの他のお店がガラガラの中、これはすごい！

人気のイカスミもんじゃも、お好み焼きも、めちゃうまー！
もんじゃは、もたもたしてたら店員さんが焼いてくれた( ´・ω・｀) 
1枚目だけは、焼き方を教えてくださるみたい。

酒類も充実していて素晴らしい。

待ってでも入りたいお店。
4人以上だと平日は予約できるようなので、次は大人数で行こうっと♪"
100000000000 ,もんじゃ 蔵,"月島に出かけたついでに、せっかくだからもんじゃへ。
開店前だったけど並んでみた。
開店と同時に一気にひとが入ってきて、あっと言う間に満席。
蔵スペシャルもんじゃと、お好み焼きをいただいた。
もんじゃは作り方が分からなかったので、見本を見せてもらった。
いろんな具材が入ってリッチ
すごーく美味しくて、満たされました！
人気は明太・チーズといった具材が入っているものだそうです。"
100000000000 ,もんじゃ 蔵,"新年会も兼ねてランチもんじゃです。
月島にある「もんじゃ蔵」
明太餅チーズ１３００円
もんじゃって高いよね

ダシがしっかり利いていて美味しいです
トロっとした餅にチーズが絡まって明太のつぶつぶが好きです。
いろいろ月島のもんじゃ食べましたけど、ここ美味しい。
おすすめ
高いけど
おしおより好き"
100000000000 ,もんじゃ 蔵,"はじめての出会い…クラムチャウダーもんじゃ！確かにクラムチャウダーだ！
クリーム系もんじゃ、もんじゃなのにドリア？というなんとも気になるメニューもある。

途中、普通のもんじゃが恋しくなったけどたまにもこういうのも面白いのかもしれないw

普通のもんじゃに飽きたらいってみましょ～♪"
100000000000 ,もんじゃ 蔵,"初めて本格的なもんじゃを頂きました！

もんじゃって、ボリューム少なくて、お腹いっぱいにならない印象があったけど。
ここのスペシャルもんじゃは、それだけで満足出来るほどのボリュームがあります(1500?2000円と、それなりのお値段だった気がしますが)。

昼間から、飲むのには最適なお店でした(^ ^)"
100000000000 ,もんじゃ 蔵,"東京来たからにはもんじゃ焼きくらい食って帰らないとで訪問。無難に月島のもんじゃ焼きで食べログ1位のところへ。
27にして、人生初のもんじゃ焼きでした。

【オーダー】明太チーズもんじゃ

【会計】1100円

【料理】メニューが多すぎて迷う。1番人気の明太子・チーズ・もちトッピングだそうだが、餅は抜きにした。
鉄板焼きとしては液体に近い食感。
焦がすとうまい。チーズがいい味出しますね。メニューが多すぎるので、次は別のトッピングで食べたいですね。

【雰囲気】月島の商店街沿い、綺麗めな店舗じゃないかな。カップル、家族向け。2?4人向け。

【座席】テーブル席40席程度。

#ご当地 #鉄板焼き"
100000000000 ,もんじゃ 蔵,"月島もんじゃストリートにある、もんじゃ焼き屋さん。
月島のもんじゃ屋って、あまりにたくさんありすぎて何処に入ればいいのか分からないので、事前に知人から情報を仕入れたところ、ここを勧められました。

平日の夜でしたが、店内は満席。
その後、何組も覗いては諦めていきましたので、予約しておくことをお勧めします。

もんじゃ焼きのほか、お好み焼き、焼きそば、鉄板焼きなどたくさん食べました。
もんじゃではやっぱり、王道ですが、明太子もちチーズが美味しい。
ベビースターのトッピングも、150円しましたが欠かせません。

#もんじゃ"
100000000000 ,もんじゃ 蔵,"月島久しぶりです！
明太もちチーズもんじゃを注文。
久しぶりのもんじゃは旨い?"
100000000000 ,もんじゃ 蔵,オススメのもんじゃ屋さんという事で、土曜夜に並ぶこと30分。写真は、プチ蔵スペシャルもんじゃ。デザートに、初・あんこ巻にトライ！こちらは、お店の方に上手に焼いていただきました。ごちそうさまでした。
100000000000 ,もんじゃ 蔵,"月島で人気のあるもんじゃ屋さんと聞き、食べてきました！
一枚目のもんじゃは、店員のおばちゃんが物凄い手際の良さで焼いてくれた? 定番の明太もちチーズもんじゃ、やっぱり最高です(泣)
焼うどんも美味しかった?☆"
100000000000 ,もんじゃ 蔵,"クリーム系もんじゃあり。

美味しくて好きだったけど、閉店時間前に追い出されちょっと嫌になった。

閉店時間より前ならいいんじゃないかなw"
100000000000 ,もんじゃ 蔵,"有名店。
しかし、ここの近くにあるメロンパン屋さんが最高に美味しかった！"
100000000000 ,もんじゃ 蔵,"寒い日 体を美味しい食べ物で暖めたく訪問。
ネットで有名なもんじゃ店なので、他店ではない入店待ちの行列?

お店の方も優しく、美味しく頂きました。"
100000000000 ,もんじゃ 蔵,"月島でもんじゃ食べるのは決まった店ばかりなのですが、そこは夜のみ営業なので昼に食べに行きたいとのリクエストでこちらに来ました。
鉄板の明太もちチーズは普通に美味しく、ここオリジナルのクリームもんじゃにもチャレンジ。これもアリな味でした。作るのに必死でこれしか写真撮ってませんでした。"
100000000000 ,もんじゃ 蔵,"月島もんじゃー??-??-??”

クラムチャウダーもんじゃという不思議ダネもあったり、、でもやっぱり明太チーズもんじゃが1番美味しかった！

めっちゃ並んだー！"
100000000000 ,もんじゃ 蔵,"久しぶりに行ったもんじゃ。
6人いると、いろいろ頼むことができて、楽しめました。
定番の、明太・もち・チーズは、やっぱり美味しい?
デザートとして頼んだ、あんこ巻きには黒蜜を。チーズ巻きには白蜜を。
美味しかった?"
100000000000 ,もんじゃ 蔵,"もんじゃストリートの中でも、この日この店は混んでました。

予約して行ったら、時間制限なしとのこと。
もんじゃ以外にお好み焼き、焼きそば、炒飯など注文。
どれも美味しかったです。"
100000000000 ,もんじゃ 蔵,"(普段使い)
月島もんじゃ。頼めば親切に焼き方教えてくれる。いろんなバリエーションがあって、牡蠣のもんじゃも美味しかったです。ビールにも合う！
ただ、もんじゃは焼くのに集中してしまいますね。
人気店なので要予約。ちなみにお好み焼きも自分で焼くスタイル。"
100000000000 ,もんじゃ 蔵,"月島もんじゃストリート？西仲通りにあるもんじゃ焼き屋さんに行ってきました。人気店らしく、ランチタイムにもお店の前は賑やかでした。団体断っとるくらいで、なんか暇そうな他の店がかわいそうなレベル(´･Д･)」
もんじゃ焼きはメニューも多くて美味しかった！
ただ、ピークタイムは若干すぎとったとはいえ、バイトなのかスタッフは客を見ずに喋りまくりなのがとても目に付いた。新しい客を席に案内しても水とおしぼりも出さずに立ち話で笑っている。僕のところに持ってきたもんじゃと海鮮炒めも、焼き方説明の要否の確認もなく無愛想にポンと置いて行った。観光客が多い場所なのになぜ？美味しかったが何故人気店なのかは謎だ。味は良、総合的に並という感じか(´･Д･)」"
100000000000 ,もんじゃ 蔵,"明太餅チーズベビースターもんじゃ、牛スジ玉、餡巻き。

他も色々食べましたが写真はこれだけ。何しろ出汁が美味い。ハズレ無し。クリーム系のもんじゃも洋風で美味かった。大勢で行きたい店。"
100000000000 ,もんじゃ 蔵,月島にもんじゃのお店は山ほどあるけど、おやつの時間から混み合ってるのはここだけでした。店員さんの手さばきはお見事。
100000000000 ,もんじゃ 蔵,もんじゃ??安くてうまい^ ^ もち明太チーズ、牛スジねぎ、ベビースターコーン＋帆立などなど。トッピングも豊富。
100000000000 ,もんじゃ 蔵,"今夜はもんじゃ！
何気に月島でもんじゃは初！！

ほんとにもんじゃだらけ。
こんなにもんじゃ屋さんが並んでるとは思わなかった！！

暖かくなってもんじゃ日和なのか、
どこも予約取れず&どこも大行列で人だらけ。
私達も一時間並んで入店となりました。

まずは安定のもちチーズ明太もんじゃ。
もちろん旨い！

続いては、このお店のオリジナル、ホワイトソースのもんじゃ。
食べ始めは「もんじゃじゃない！！」ってなったけど、最後の方カリカリになってからはやっぱりもんじゃ。
そして一味との相性が良い！クリームパスタにタバスコ掛けるのが好きなんだけど、そんな感じ！

〆は、ウインナーチーズもんじゃにカレーとベビースタートッピング。
お腹いっぱいだったけど、カレーは別腹ですな！

途中には牡蠣バター。
ぷりっぷりで大ぶりの牡蠣。冬季限定だからなくなる前に食べれて良かった♪

そんなに遠くないんだから、もっと月島来よう！
もっともんじゃ食べよう！

次はどこのお店にしよーかしら？(^O^)"
100000000000 ,もんじゃ 蔵,"すっごく美味しい…ってわけでもないけど(笑)、NGなとこもないかなぁ。
あ、難点がひとつ。人気店らしいのでいつ行っても混んでること "
100000000000 ,もんじゃ 蔵,"オフィスのロケーションが変わって、からの初もんじゃ！
テッパンの明太もちチーズも美味しかったですが、オリジナルのクラムチャウダーが絶品でした。
クリーム系もんじゃは新しかった。
お写真は外観だけです…。
結構、下町を楽しんでいるかも??"
100000000000 ,もんじゃ 蔵,"ちゃんとしたもんじゃ焼きのお店に来るのは２回目ですが、期待を裏切らない美味しさでした！
写真はお店のオススメ「蔵スペシャルもんじゃ」
個人的に具材が盛り沢山な粉もんは好きではないのですが、それでも美味しく食べれました^ ^"
100000000000 ,もんじゃ 蔵,先週、会社のメンバーと大人数で来ました。悪くは無いです。最後にあんこ巻きで締めました。
100000000000 ,もんじゃ 蔵,"もんじゃと一口に言って、案外お店によって違うのが不思議。
すっごい手が込んでるものじゃない気がするのに。
こちらも、種類多く、色んなものをワイワイつつきたい。"
100000000000 ,もんじゃ 蔵,"""14時過ぎでも並んでた。すごいなあ。""

もんじゃは、たまーーーに食べたくなる。
昼間からビールで。
でもこの日は我慢してラムネともんじゃでキメた。

正直、ラムネともんじゃは合わなかった。


もんじゃの味の違いがわかるようになったら一人前かなあ、えりを"
100000000000 ,おしお 本店,"月島もんじゃストリートの行列のできる人気店のひとつ。
自分はもんじゃはこの店ばっかりです。
（数回別の店にも行きましたが、やっぱりここが美味しい！）

平日、週末関係なく混んでます。すぐに入れるか待つかはタイミングしだいですね。

定番は〝明太もちチーズ〟、あとお気に入りは〝シーフードカレー〟
これに限らずカレー味のもんじゃは食が活性化します＾＾
〝ベビースター〟のトッピングもいいですねぇ。

月島でもんじゃ食べるなら、おすすめです。
（ちなみに、ほかにも〝おしお〟は何店かチェーン展開してますが、
他のお店は行ったことがないのでわかりません＾＾；）

あと、宴会コースの〝おしおコース〟で訪問した時は、食べきれませんでした。"
100000000000 ,おしお 本店,"月島でもんじゃ。実は初めてです(^_^;)
この時間で外には既に行列が…

ワイワイした雰囲気で食べるのも楽しいですね♪"
100000000000 ,おしお 本店,"夕方月島で仕事が終わったらもんじゃが食べたくなって、伺いました。
スタンダードなもんじゃも美味しいし、オリジナルもんじゃがいろいろあるのも楽しい。

店員さんもフレンドリーに、手際よくもんじゃを作ってくれます。"
100000000000 ,おしお 本店,"月島といえば、もんじゃ！下町育ちの私としては、もんじゃはいつ食べても懐かしくなります笑
おしおは、3店舗月島地区に出していて、どこもいっつも満員です！色んな種類があって「えー？こんなの混ぜてもんじゃ美味しいの？」というようなメニューも、試しに頼んでみたら、、おいしい！笑

おすすめは、オーソドックスなのは勿論なので、アブノーマルなもの。。
・ポパイ
・もつなべ
・メキシコ（ドリトスっぽい感じ）
・マリオ（スペイン風）
・ピザ（イタリア風）

名前だけじゃ、摩訶不思議ですが、本当にグッドです！
お好み焼きは、オーソドックスのをお勧めします☆

#もんじゃ#お好み焼き #鉄板焼き"
100000000000 ,おしお 本店,月島初上陸で、グルメな上司に連れてってもらいました。明太もちもんじゃに明太子を三倍トッピング。最高に美味しかったです。（＾ω＾）
100000000000 ,おしお 本店,"もんじゃ！もんじゃ！

辛口キムチもんじゃ！
シーチキンもんじゃ！
チーズもんじゃ！

もんじゃ！もんじゃ！

トムグズールさんが、もんじゃ焼くのが上手い！

楽しいもんじゃ！
愉快なもんじゃ！

ワサビ焼酎はカラくない！

もんじゃ！もんじゃ！

タバコ吸えます。


 #もんじゃ！
 #月島
 #モフモフ会
 #タバコ
 #ひろみんと"
100000000000 ,おしお 本店,"酒と好相性な激辛キムチもんじゃウマい！
オリジナルの種類豊富なもんじゃ焼き屋。

かおるん、トムさんと行きました。
月島はもんじゃ屋がありすぎて
いつもどこ入るか迷います( ；´Д｀)

Rettyで検索したら、こちらの店に
ノムさんが行ってたんで安心して
入ってみました♪

まずは酎ハイで乾杯。
もんじゃは下記を食べました。

激辛もんじゃ
ツナ紅生姜もんじゃ
はんぺんチーズもんじゃ

女将とトムさんが手際良く
もんじゃを作ってくれましたー♪( ´▽｀)

もんじゃは、中でも激辛もんじゃが
お美味しかったな。
激辛ではなくピリ辛でちょうど良い辛さ。
キムチ、豚肉、ニラが合わさってて
当然美味いよね?♪( ´▽｀)
お酒がどんどんすすんじゃいました！

また、バイスが置いてあったんで、
2杯目に飲みましたよ。さっぱり美味いね。

価格はもんじゃは650円?。
オリジナルもんじゃは1000円くらい。
酒は500円くらい。

オリジナルもんじゃの数が豊富で
どれも魅力的なんで、迷っちゃいました！

あ、クーポンあるみたいなんで
行く前にWEBで要チェックです♪

また伺いまーす。"
100000000000 ,おしお 本店,"もんじゃ、おしお！辛口もんじゃのソウル肉。肉がかなり入ってて、辛めの味付けがうまい。酒がすすむ。
バター焼きでイカとえのきとかつまみ系も充実しててた。
〆は、あんこ巻きです。お姉さんが上手に焼いてくれます。美味しい?(^^)"
100000000000 ,おしお 本店,"団体貸切状態ばかりで飛び込み
初もんじゃ

丁寧に作り方を教えていただき、もう完璧?
旨かったまた、来ようかな、次は車なしでビールと共に"
100000000000 ,おしお 本店,"両親との東京観光は続きます?笑

月島に行ってみたいとのことで
本場のもんじゃを堪能しましょう～♪と。
実は私も、月島って初めて来ました。
ダッシュで調べて口コミの良いこちらに!!
午後の３時過ぎにうかがったので、
もうお昼の部を終えて夜の部の準備に
とりかかっているお店も結構ありましたが、
一日営業をしているとありがたいですね(*^^*)

オススメの　明太もちもんじゃ　を頂きました?
お店のお兄さんにつくっていただいて、
手際のよさにびっくり～！(当たり前かな)
そしておいしさにびっくり～！??
久しぶりのもんじゃ、堪能できました?

またいきた～い('▽`)"
100000000000 ,おしお 本店,明太もちチーズもんじゃ、キムチ納豆などなど３種を完食。味がしっかりしていた。夏にワイワイ言いながら食べたら楽しそう。ただ、店がクソ暑い。
100000000000 ,おしお 本店,月島。もんじゃ。近くに住んでる知人から「ここが一番」と聞いて行ったが、もんじゃにそうそう違いは出ない。普通に旨いとも言える。
100000000000 ,おしお 本店,"おしお本店に来訪。メニューはどの店も同じようだけど、店の設えは本店だけあって、和店のようにこじゃれた感じではなく、いかにも月島もんじゃの店という風体。大きな明太が一腹入った明太もちチーズはもちろん美味しいけど、ソウル納豆が想像以上に美味い！
【2013.06】"
100000000000 ,おしお 本店,もんじゃ！ シンプルだけどうまい。 もんじゃ自体あまり好きじゃないけど、ここは好き。
100000000000 ,おしお 本店,"はじめて、もんじゃが美味いと思った。

でも夏場は暑い。
とにかく暑かった。

でも、それがいいのかも( ・∇・)

あんこロールみたいのも美味かった。"
100000000000 ,おしお 本店,初もんじゃの僕でも美味しく食べることができました。「海スペシャル」という名の海鮮もんじゃは絶品です！
100000000000 ,おしお 本店,"激辛もんじゃ これ お酒沢山あっても足らないくらい 酒進むw
うんまいよ これ定番ね

モフモフの前に カオルさんとヒロミさんと共にチロッと入店

本場の作り方を観たくて 一つ目は店員さんに焼いて頂きました。
よしっ！ 俺の知ってる作り方となんも変わらんψ(｀∇´)ψ
男子力を見せ付けとくかw
たいしたコトやっとらんが…

この後ハンペンもんじゃとあと何食ったっけ？

ワサビ焼酎なる物があって ワサビ好きの僕はワクワクしながら注文したんだが ふつ?の焼酎だったのが 逆にビックリw

もんじゃ 普通に美味しかったので 迷わずこのお店をどうそ?"
100000000000 ,おしお 本店,"会社帰りにみんなとワイワイできる！
もんじゃのメッカにいったら迷わずここ"
100000000000 ,おしお 本店,"【もんじゃ】
Retty人気店！もんじゃ屋さん\( ?o? )/

Rettyのもんじゃランキングで第1位のお店。

- もんじゃ（630円?）

#日本料理 #もんじゃ #ディナー #友達・同僚 #月島"
100000000000 ,おしお 本店,"月島でもんじゃと言えば、おしおかバンビに行きます。メニューはどこも一緒なので、清潔感があって入りやすいかどーかで決めています。
後営業時間が10時頃で閉まるお店も多いので要注意です。

CPだけ見るとどこも価格を揃えてきており、特に月島は観光地化してきているので最近はあまりいきませんが、行くとそれなりに楽しいです。

浅草にある『ひょうたん』もオススメです。"
100000000000 ,おしお 本店,"明太チーズ、牛スジ、ペペロンチーノ、マリオを食べました
特に明太チーズが美味しい?"
100000000000 ,おしお 本店,"母さんを連れて東京観光。
本日は月島でもんじゃ。
母さん人生初もんじゃにて、連れてく方も連れていかれる方も緊張。
それではは定番な感じがよいであろうとこちらへ。

で、結果成功致しました?

もんじゃって美味しいね?としきりにはふはふしてました。
良かった。

わたしも久々もんじゃ。混み合いガヤガヤの店内で、アツアツのもんじゃ。
本当っ美味しい?( ´ ▽ ` )ﾉ

月島はなんでもんじゃが美味しいの？って聞かれても、聞こえないフリしちゃうけど、とにかく美味しいから良いのです。"
100000000000 ,おしお 本店,もんじゃといったら月島(o???o)しかし、私は関東出身ではないので、作り方が分かりませんが、一度ならお店の方がつくってくれます！( ´? ? `? )???私からしたら完成形がいつかわかりませんが、一度食べたら手が止まらなくなるような、癖になる美味しさでした！??(????)??
100000000000 ,おしお 本店,"韓国から友達が来てたのでもんじゃ焼きに連れて行きました??

明太子餅チーズ 
たこのお好み焼きを注文。

外国人はもんじゃダメかなぁと思いましたが思いのほか好評でした。

やっぱり定番の明太子餅チーズは美味しい?"
100000000000 ,おしお 本店,"月島もんじゃは色々いってますがおしおさんはかなりリピートしています（´-`）.｡oO?

明太チーズ！と、ビール！

最高にデブな組み合わせだけど幸せ…笑"
100000000000 ,おしお 本店,もち明太子と、牛スジを三人で食べました?メニュー多くてみてて楽しい??デザートのあんこ巻き？もシンプルでおいしかった。
100000000000 ,おしお 本店,"久しぶりにもんじゃ行ってみました。
見た目は …           だけど
たまにはいいもんです"
100000000000 ,おしお 本店,"いろんな味のもんじゃが楽しめます。
写真は豆腐もんじゃです。大勢の人で行って、いろんな味を楽しむのが一番良いかもしれないです^ ^"
100000000000 ,はざま,"ザ☆月島もんじゃ(??? ???)って感じの老舗もんじゃ屋さんです。

月島もんじゃ屋さんは何軒か行ってますが、ココのお店は値段の割に量が多い！ちゃんと具もたっぷり！
そして出汁が美味しい！

写真はアサリもんじゃにゲソトッピングしたのですが、アサリもゲソもてんこ盛り(*≧∀≦*) 
かなり美味しかったです。。

20:00を過ぎると平日なのに満席で、帰る頃には寒空の下で待ってる人もいました。
芸能人もたくさん来るらしく、壁にはサイン色紙が並んでました。
ぷらっと入ったのですが、何気に人気店だったようです。(???)???

また行きます( ???-?)-?"
100000000000 ,はざま,"もんじゃがどうしても食べたくて、友達を呼び出し来店。

明太子もちもんじゃ
カマトロのステーキ？
豚キムチもんじゃ
を。
ちびちびたべながら、口の中ヤケドしながら、ガールズトークしながら
のんびーり。

んまかったー?
出汁がうんまいっ！！
明太子も贅沢すぎるほどたくさんで、、、
少し味が濃いめなので飲み物が進みますが・・・

カマトロのやつが、脂がのっていてめちゃうま！！！これオススメですっ

ご馳走さまでしたっ"
100000000000 ,はざま,"先輩に勧められたもんじゃのお店。初もんじゃでしたが、美味しかったです。有名人のサインがたくさんありました。
(2010年9月訪問)"
100000000000 ,はざま,月島もんじゃといえば、私ははざまです。昔ほど混みあわなくなったかもしれないが、変わらない味と雰囲気は最高に良い。いつまでも変わらないで欲しい。
100000000000 ,はざま,"ランチの海鮮丼800円?1500円、数え切れないほどの品揃え。
普通はご飯が余るところ、ここは刺身が余りますwもちろん、味噌汁と小鉢も何個も付いてますよ！北海道レベルのコスパの高さ。これが東京で食べれるのは本当に素晴らしい！"
100000000000 ,はざま,"月島もんじゃに誘われて。

ここは普通にもんじゃも美味しいし、ここのマグロステーキも素敵です★

老舗の雰囲気もあり、小道を散策しながらお店に入るのも楽しかったです。"
100000000000 ,はざま,卵を最後にふわっと入れるもんじゃ、旨い。アンコとチーズのクレープも最高。
100000000000 ,はざま,別館の方に行きました。空調しっかりしていて、お店の方も親切でした。カボチャチーズ＆コショウたっぷり が、イチオシです！
100000000000 ,はざま,"東京在住の友人のイチオシ「はざま」さん。
一度、案内してもらって気に入ってしまい、東京に来ると時間があれば立ち寄るお店です。
明太子もちのもんじゃは必ずオーダーします。
これと、まぐろの中おちを食べながら、ビールを飲むのが定番です。
もんじゃ初心者でも、お願いしたら一枚目は焼いてくださるので、初めての方も心配ないですよ。"
100000000000 ,はざま,"?もち明太子が一番好き?です。
今年初の『はざま』さん
前から気になってたトマトバジルにチーズトッピングでオーダーしてみました。
バジルの香りただようイタリアンなもんじゃに仕上がってました(*^^*)
好みになるかと思いますが、私は、はざまさんのもんじゃは、もち明太子が一番好きです?
あと、マグロの中おち??
500円で、このボリューム、そして美味しい??
大好きです。"
100000000000 ,はざま,"土曜日の夜の月島の賑わいにびっくり！
もちろん美味しいのだけど、周りのたくさんのもんじゃ屋さんに比べてどうかはまだ比較できないや。
シーフードもんじゃ＋ビール等4杯で\3000くらい【2012.06】"
100000000000 ,はざま,"店内には有名人のサインばかり。たまに食べるともんじゃって美味しいですよね。
色々なトッピングを試せる（当たり前か）んで、何回も行きたくなる。
しかも値段が手頃。
お好み焼きも美味でした。"
100000000000 ,はざま,"本店の開業以来30年近く通っている月島でも古くから有るお店です。
もんじゃ初心者から、地元もんじゃ通の方まで人気のあるお店です。
地元のお客が多いのは味の良い証拠だと思います。"
100000000000 ,はざま,店内は芸能人のサインが沢山あります。帆立もんじゃを注文、築地が近いので、生ものも美味しいみたいです。
100000000000 ,はざま,"会社がえりにもんじゃ。
もんじゃはあまり食べたことないから比べられないけど、お好み焼きはとろろたっぷりでふっわふわ?で美味しかった??"
100000000000 ,はざま,餅、明太子、ホタテ、ベビースター、チーズ、コーンを。美味かった。また来たいです。
100000000000 ,はざま,"月島に行こうってなってどこ行くかって考えた末、老舗のもんじゃ屋さんのはざまさんへ。
ここは海鮮の具の大きさが半端じゃない。ビールで流し込んで、決まり。
築地も近いので、何気に刺身も美味しい。"
100000000000 ,はざま,"お酒好きなので、お刺身もあるこのお店が好きです！他のお好み、もんじゃ焼き屋さんにはなかなかないので…

月島もんじゃ組合？の商品券が使えるのでお得です"
100000000000 ,はざま,"岸田屋の後は、何気無くもんじゃ焼き。  名店だった！

海老蔵も、エグザイルも、川越シェフも来てる店だった。

そば入りもんじゃに、白子のホイル焼きで〆ます。"
100000000000 ,はざま,"壁にずらーっと有名人の色紙が貼られている
TV出演の多いもんじゃ屋さん。

土曜日の16時、すんなり入れましたが
予約でいっぱいだったそうで最後の1席。
以降入店された方は支店に案内されていました。
非常に微妙な時間だったのに人気です。

めんたいチーズモチもんじゃと
ビール、日本酒いただきました。

もんじゃ以外にも
大あさり焼とか、サイドメニューもあります。

もんじゃだからいらないかなーと思い
今回写真なしです。"
100000000000 ,はざま,"たくさんの芸能人のサインがありました。やっぱりテッパンの餅めんたい。
自分で焼くからもんじゃって楽しいなぁ。"
100000000000 ,はざま,トマトバジルもんじゃが食べたことないような不思議な味！でもイタリアンのもんじゃは斬新で美味しい！
100000000000 ,はざま,"5年ぶりくらいにはざまへ
明太もんじゃと鉄板焼きはやっぱり最高にうまい！

ただ気になるのは焼き方や調味料について店員が無言で手を出してくる。。
口頭で言ってくれればいいのに・・

まあ、味も値段も良いのでまた行こうと思います"
